sequence,track_id,team_id,is_goalie,is_referee,is_candidate,n_seen,n_feat,left_hits,right_hits,edge_ratio,score,combined,rarity,vote_a,vote_b,vote_total,vote_margin,side,std_x_ratio,std_y_ratio,motion_ok,decision_confidence,reason_code,mean_x_ratio,mean_y_ratio,mean_w_ratio,mean_h_ratio,team_p70,fused_spatial_a,fused_spatial_b,fused_neighbor_a,fused_neighbor_b,fused_appearance_a,fused_appearance_b,fused_score_a,fused_score_b
triunfazo_millos,1,0,0,0,0,655,655,0,0,0.0,0.0,0.0,0.0,0,0,0,0.0,left,0.0,0.0,0,0.0,,0.457133,0.615395,0.022648,0.077946,0.179236,0.0,0.0,0.0,0.0,0.0,0.0,0.0,0.0
triunfazo_millos,2,1,0,0,0,657,657,0,0,0.0,0.0,0.0,0.0,0,0,0,0.0,left,0.0,0.0,0,0.0,,0.531044,0.615649,0.023005,0.081066,0.184119,0.0,0.0,0.0,0.0,0.0,0.0,0.0,0.0
triunfazo_millos,3,0,0,0,0,657,657,0,0,0.0,0.0,0.0,0.0,0,0,0,0.0,left,0.0,0.0,0,0.0,,0.551918,0.44079,0.017695,0.068728,0.179236,0.0,0.0,0.0,0.0,0.0,0.0,0.0,0.0
triunfazo_millos,4,0,0,0,0,120,120,0,19,0.158333,0.0,0.0,0.0,0,0,0,0.0,right,0.0,0.0,0,0.0,,0.632829,0.502522,0.019699,0.075873,0.179236,0.0,0.0,0.0,0.0,0.0,0.0,0.0,0.0
triunfazo_millos,5,1,0,0,0,111,105,0,19,0.171171,0.0,0.0,0.0,0,0,0,0.0,right,0.0,0.0,0,0.0,,0.745532,0.339089,0.016004,0.058889,0.184119,0.0,0.0,0.0,0.0,0.0,0.0,0.0,0.0
triunfazo_millos,6,0,0,0,0,657,657,0,0,0.0,0.0,0.0,0.0,0,0,0,0.0,left,0.0,0.0,0,0.0,,0.333455,0.760725,0.028838,0.092955,0.179236,0.0,0.0,0.0,0.0,0.0,0.0,0.0,0.0
triunfazo_millos,7,0,0,0,0,76,75,0,76,1.0,0.0,0.0,0.0,0,0,0,0.0,right,0.0,0.0,0,0.0,,0.956645,0.439579,0.017484,0.064884,0.179236,0.0,0.0,0.0,0.0,0.0,0.0,0.0,0.0
triunfazo_millos,8,0,0,0,0,653,653,42,0,0.064319,0.0,0.0,0.0,0,0,0,0.0,left,0.0,0.0,0,0.0,,0.30759,0.434565,0.019666,0.067836,0.179236,0.0,0.0,0.0,0.0,0.0,0.0,0.0,0.0
triunfazo_millos,9,1,0,0,0,657,657,13,0,0.019787,0.0,0.0,0.0,0,0,0,0.0,left,0.0,0.0,0,0.0,,0.358373,0.463879,0.019883,0.071941,0.184119,0.0,0.0,0.0,0.0,0.0,0.0,0.0,0.0
triunfazo_millos,10,1,0,0,0,231,231,0,0,0.0,0.0,0.0,0.0,0,0,0,0.0,left,0.0,0.0,0,0.0,,0.24381,0.568123,0.02676,0.068316,0.184119,0.0,0.0,0.0,0.0,0.0,0.0,0.0,0.0
triunfazo_millos,11,1,0,0,0,70,70,0,70,1.0,0.0,0.0,0.0,0,0,0,0.0,right,0.0,0.0,0,0.0,,0.983805,0.44181,0.016169,0.073141,0.184119,0.0,0.0,0.0,0.0,0.0,0.0,0.0,0.0
triunfazo_millos,12,0,0,0,0,94,93,0,22,0.234043,0.0,0.0,0.0,0,0,0,0.0,right,0.0,0.0,0,0.0,,0.854739,0.446882,0.017902,0.066959,0.179236,0.0,0.0,0.0,0.0,0.0,0.0,0.0,0.0
triunfazo_millos,13,1,0,0,0,122,122,0,24,0.196721,0.0,0.0,0.0,0,0,0,0.0,right,0.0,0.0,0,0.0,,0.748195,0.468232,0.020022,0.069607,0.184119,0.0,0.0,0.0,0.0,0.0,0.0,0.0,0.0
triunfazo_millos,14,0,0,0,0,134,133,0,29,0.216418,0.0,0.0,0.0,0,0,0,0.0,right,0.0,0.0,0,0.0,,0.697558,0.334756,0.014228,0.051986,0.179236,0.0,0.0,0.0,0.0,0.0,0.0,0.0,0.0
triunfazo_millos,15,1,0,0,0,324,324,0,0,0.0,0.0,0.0,0.0,0,0,0,0.0,left,0.0,0.0,0,0.0,,0.666255,0.477003,0.020233,0.066599,0.184119,0.0,0.0,0.0,0.0,0.0,0.0,0.0,0.0
triunfazo_millos,16,-1,0,0,0,4,4,0,4,1.0,0.0,0.0,0.0,0,0,0,0.0,right,0.0,0.0,0,0.0,,0.990067,0.763786,0.01983,0.104138,0.0,0.0,0.0,0.0,0.0,0.0,0.0,0.0,0.0
triunfazo_millos,17,0,0,0,0,9,8,0,9,1.0,0.0,0.0,0.0,0,0,0,0.0,right,0.0,0.0,0,0.0,,0.984023,0.842055,0.022055,0.10159,0.179236,0.0,0.0,0.0,0.0,0.0,0.0,0.0,0.0
triunfazo_millos,18,1,0,0,0,9,9,0,0,0.0,0.0,0.0,0.0,0,0,0,0.0,left,0.0,0.0,0,0.0,,0.332162,0.25825,0.0118,0.042802,0.184119,0.0,0.0,0.0,0.0,0.0,0.0,0.0,0.0
triunfazo_millos,20,-1,0,0,0,6,6,0,0,0.0,0.0,0.0,0.0,0,0,0,0.0,left,0.0,0.0,0,0.0,,0.34446,0.259131,0.010851,0.041809,0.0,0.0,0.0,0.0,0.0,0.0,0.0,0.0,0.0
triunfazo_millos,24,-1,0,0,0,6,6,0,0,0.0,0.0,0.0,0.0,0,0,0,0.0,left,0.0,0.0,0,0.0,,0.33232,0.253799,0.01105,0.041755,0.0,0.0,0.0,0.0,0.0,0.0,0.0,0.0,0.0
triunfazo_millos,31,0,0,0,0,570,570,52,0,0.091228,0.0,0.0,0.0,0,0,0,0.0,left,0.0,0.0,0,0.0,,0.227838,0.609274,0.023176,0.082805,0.179236,0.0,0.0,0.0,0.0,0.0,0.0,0.0,0.0
triunfazo_millos,60,-2,0,0,0,37,37,0,0,0.0,0.0,0.0,0.0,0,0,0,0.0,left,0.0,0.0,0,0.0,,0.647327,0.257813,0.010539,0.038312,0.0,0.0,0.0,0.0,0.0,0.0,0.0,0.0,0.0
triunfazo_millos,66,-1,0,0,0,4,4,0,0,0.0,0.0,0.0,0.0,0,0,0,0.0,left,0.0,0.0,0,0.0,,0.688961,0.259678,0.010756,0.040907,0.0,0.0,0.0,0.0,0.0,0.0,0.0,0.0,0.0
triunfazo_millos,67,0,0,0,0,335,335,0,0,0.0,0.0,0.0,0.0,0,0,0,0.0,left,0.0,0.0,0,0.0,,0.589024,0.259527,0.010754,0.039256,0.179236,0.0,0.0,0.0,0.0,0.0,0.0,0.0,0.0
triunfazo_millos,68,0,0,0,0,443,443,0,64,0.14447,0.0,0.0,0.0,0,0,0,0.0,right,0.0,0.0,0,0.0,,0.715223,0.329993,0.014059,0.051917,0.179236,0.0,0.0,0.0,0.0,0.0,0.0,0.0,0.0
triunfazo_millos,71,0,0,0,0,412,412,0,129,0.313107,0.0,0.0,0.0,0,0,0,0.0,right,0.0,0.0,0,0.0,,0.675878,0.570548,0.022534,0.077957,0.179236,0.0,0.0,0.0,0.0,0.0,0.0,0.0,0.0
triunfazo_millos,73,1,0,0,0,401,401,144,0,0.359102,0.0,0.0,0.0,0,0,0,0.0,left,0.0,0.0,0,0.0,,0.167701,0.708152,0.029242,0.092439,0.184119,0.0,0.0,0.0,0.0,0.0,0.0,0.0,0.0
triunfazo_millos,74,1,0,0,0,54,51,0,54,1.0,0.0,0.0,0.0,0,0,0,0.0,right,0.0,0.0,0,0.0,,0.955638,0.663869,0.028708,0.08095,0.184119,0.0,0.0,0.0,0.0,0.0,0.0,0.0,0.0
triunfazo_millos,78,-1,0,0,0,7,7,0,0,0.0,0.0,0.0,0.0,0,0,0,0.0,left,0.0,0.0,0,0.0,,0.475254,0.629789,0.026573,0.083277,0.0,0.0,0.0,0.0,0.0,0.0,0.0,0.0,0.0
triunfazo_millos,80,1,0,0,0,340,340,0,0,0.0,0.0,0.0,0.0,0,0,0,0.0,left,0.0,0.0,0,0.0,,0.44734,0.684755,0.025523,0.088056,0.184119,0.0,0.0,0.0,0.0,0.0,0.0,0.0,0.0
triunfazo_millos,81,0,0,0,0,339,339,0,21,0.061947,0.0,0.0,0.0,0,0,0,0.0,right,0.0,0.0,0,0.0,,0.625247,0.516236,0.021043,0.076513,0.179236,0.0,0.0,0.0,0.0,0.0,0.0,0.0,0.0
triunfazo_millos,83,1,0,0,0,8,8,0,8,1.0,0.0,0.0,0.0,0,0,0,0.0,right,0.0,0.0,0,0.0,,0.906931,0.631773,0.035628,0.084176,0.184119,0.0,0.0,0.0,0.0,0.0,0.0,0.0,0.0
triunfazo_millos,85,0,0,0,0,15,15,0,0,0.0,0.0,0.0,0.0,0,0,0,0.0,left,0.0,0.0,0,0.0,,0.815577,0.981666,0.025634,0.03677,0.179236,0.0,0.0,0.0,0.0,0.0,0.0,0.0,0.0
triunfazo_millos,86,1,0,0,0,329,329,0,6,0.018237,0.0,0.0,0.0,0,0,0,0.0,right,0.0,0.0,0,0.0,,0.75616,0.49399,0.020816,0.074921,0.184119,0.0,0.0,0.0,0.0,0.0,0.0,0.0,0.0
triunfazo_millos,91,-1,0,0,0,1,0,0,0,0.0,0.0,0.0,0.0,0,0,0,0.0,left,0.0,0.0,0,0.0,,0.837841,0.60229,0.038856,0.088629,0.0,0.0,0.0,0.0,0.0,0.0,0.0,0.0,0.0
triunfazo_millos,92,-1,0,0,0,1,1,1,0,1.0,0.0,0.0,0.0,0,0,0,0.0,left,0.0,0.0,0,0.0,,0.004524,0.460507,0.00839,0.058256,0.0,0.0,0.0,0.0,0.0,0.0,0.0,0.0,0.0
triunfazo_millos,93,0,0,0,0,20,20,0,0,0.0,0.0,0.0,0.0,0,0,0,0.0,left,0.0,0.0,0,0.0,,0.756673,0.974494,0.026781,0.050257,0.179236,0.0,0.0,0.0,0.0,0.0,0.0,0.0,0.0
triunfazo_millos,95,-1,0,0,0,19,0,0,19,1.0,0.0,0.0,0.0,0,0,0,0.0,right,0.0,0.0,0,0.0,,0.995898,0.486122,0.007656,0.06907,0.0,0.0,0.0,0.0,0.0,0.0,0.0,0.0,0.0
triunfazo_millos,96,-1,0,0,0,8,0,0,8,1.0,0.0,0.0,0.0,0,0,0,0.0,right,0.0,0.0,0,0.0,,0.994385,0.968419,0.010568,0.059754,0.0,0.0,0.0,0.0,0.0,0.0,0.0,0.0,0.0
triunfazo_millos,98,0,0,0,0,84,75,0,84,1.0,0.0,0.0,0.0,0,0,0,0.0,right,0.0,0.0,0,0.0,,0.965724,0.94558,0.025916,0.104815,0.179236,0.0,0.0,0.0,0.0,0.0,0.0,0.0,0.0
triunfazo_millos,100,0,0,0,0,53,47,0,53,1.0,0.0,0.0,0.0,0,0,0,0.0,right,0.0,0.0,0,0.0,,0.980289,0.475122,0.017707,0.06832,0.179236,0.0,0.0,0.0,0.0,0.0,0.0,0.0,0.0
triunfazo_millos,102,1,0,0,0,180,180,0,180,1.0,0.0,0.0,0.0,0,0,0,0.0,right,0.0,0.0,0,0.0,,0.923175,0.394529,0.019046,0.065159,0.184119,0.0,0.0,0.0,0.0,0.0,0.0,0.0,0.0
triunfazo_millos,103,0,0,0,0,25,25,0,0,0.0,0.0,0.0,0.0,0,0,0,0.0,left,0.0,0.0,0,0.0,,0.843806,0.984405,0.024142,0.029814,0.179236,0.0,0.0,0.0,0.0,0.0,0.0,0.0,0.0
triunfazo_millos,105,-2,0,0,0,88,88,0,0,0.0,0.0,0.0,0.0,0,0,0,0.0,left,0.0,0.0,0,0.0,,0.587135,0.248065,0.010152,0.038057,0.0,0.0,0.0,0.0,0.0,0.0,0.0,0.0,0.0
triunfazo_millos,114,-1,0,0,0,5,5,0,0,0.0,0.0,0.0,0.0,0,0,0,0.0,left,0.0,0.0,0,0.0,,0.25599,0.241708,0.011645,0.047717,0.0,0.0,0.0,0.0,0.0,0.0,0.0,0.0,0.0
triunfazo_millos,117,0,0,0,0,85,85,0,85,1.0,0.0,0.0,0.0,0,0,0,0.0,right,0.0,0.0,0,0.0,,0.947798,0.919286,0.028599,0.105069,0.179236,0.0,0.0,0.0,0.0,0.0,0.0,0.0,0.0
triunfazo_millos,121,-1,0,0,0,2,2,0,0,0.0,0.0,0.0,0.0,0,0,0,0.0,left,0.0,0.0,0,0.0,,0.572014,0.244135,0.011358,0.038207,0.0,0.0,0.0,0.0,0.0,0.0,0.0,0.0,0.0
triunfazo_millos,123,0,0,0,0,18,18,0,0,0.0,0.0,0.0,0.0,0,0,0,0.0,left,0.0,0.0,0,0.0,,0.216637,0.266581,0.011483,0.046239,0.179236,0.0,0.0,0.0,0.0,0.0,0.0,0.0,0.0
triunfazo_millos,125,1,0,0,0,28,28,0,0,0.0,0.0,0.0,0.0,0,0,0,0.0,left,0.0,0.0,0,0.0,,0.338902,0.239866,0.010458,0.044345,0.184119,0.0,0.0,0.0,0.0,0.0,0.0,0.0,0.0
triunfazo_millos,128,-1,0,0,0,7,7,0,0,0.0,0.0,0.0,0.0,0,0,0,0.0,left,0.0,0.0,0,0.0,,0.597151,0.371266,0.015719,0.056704,0.0,0.0,0.0,0.0,0.0,0.0,0.0,0.0,0.0
triunfazo_millos,131,1,0,0,0,42,41,0,42,1.0,0.0,0.0,0.0,0,0,0,0.0,right,0.0,0.0,0,0.0,,0.936759,0.921439,0.035766,0.112271,0.184119,0.0,0.0,0.0,0.0,0.0,0.0,0.0,0.0
triunfazo_millos,137,0,0,0,0,12,12,12,0,1.0,0.0,0.0,0.0,0,0,0,0.0,left,0.0,0.0,0,0.0,,0.058023,0.343215,0.017559,0.047895,0.179236,0.0,0.0,0.0,0.0,0.0,0.0,0.0,0.0
triunfazo_millos,139,-1,0,0,0,3,3,3,0,1.0,0.0,0.0,0.0,0,0,0,0.0,left,0.0,0.0,0,0.0,,0.034242,0.339868,0.016508,0.053918,0.0,0.0,0.0,0.0,0.0,0.0,0.0,0.0,0.0
triunfazo_millos,140,-1,0,1,0,39,39,0,0,0.0,0.0,0.0,0.0,0,0,0,0.0,left,0.0,0.0,0,0.0,,0.639614,0.256268,0.010579,0.039435,0.0,0.0,0.0,0.0,0.0,0.0,0.0,0.0,0.0
triunfazo_millos,144,-2,0,0,0,14,14,0,0,0.0,0.0,0.0,0.0,0,0,0,0.0,left,0.0,0.0,0,0.0,,0.521715,0.533909,0.016918,0.07967,0.0,0.0,0.0,0.0,0.0,0.0,0.0,0.0,0.0
triunfazo_millos,145,-1,0,0,0,1,1,0,0,0.0,0.0,0.0,0.0,0,0,0,0.0,left,0.0,0.0,0,0.0,,0.217134,0.292016,0.012716,0.047576,0.0,0.0,0.0,0.0,0.0,0.0,0.0,0.0,0.0
triunfazo_millos,147,-1,0,0,0,2,2,0,0,0.0,0.0,0.0,0.0,0,0,0,0.0,left,0.0,0.0,0,0.0,,0.407056,0.306433,0.13684,0.360993,0.0,0.0,0.0,0.0,0.0,0.0,0.0,0.0,0.0
triunfazo_millos,157,-1,0,0,0,2,2,0,2,1.0,0.0,0.0,0.0,0,0,0,0.0,right,0.0,0.0,0,0.0,,0.957514,0.849748,0.07773,0.290087,0.0,0.0,0.0,0.0,0.0,0.0,0.0,0.0,0.0
triunfazo_millos,163,-1,0,0,0,4,4,4,0,1.0,0.0,0.0,0.0,0,0,0,0.0,left,0.0,0.0,0,0.0,,0.020774,0.642085,0.036803,0.255076,0.0,0.0,0.0,0.0,0.0,0.0,0.0,0.0,0.0
triunfazo_millos,165,0,0,0,0,8,8,0,0,0.0,0.0,0.0,0.0,0,0,0,0.0,left,0.0,0.0,0,0.0,,0.437574,0.307588,0.062462,0.261847,0.179236,0.0,0.0,0.0,0.0,0.0,0.0,0.0,0.0
triunfazo_millos,169,-1,0,0,0,7,7,0,0,0.0,0.0,0.0,0.0,0,0,0,0.0,left,0.0,0.0,0,0.0,,0.510086,0.499968,0.119554,0.256693,0.0,0.0,0.0,0.0,0.0,0.0,0.0,0.0,0.0
triunfazo_millos,172,-1,0,0,0,5,5,0,0,0.0,0.0,0.0,0.0,0,0,0,0.0,left,0.0,0.0,0,0.0,,0.439601,0.363914,0.109018,0.343719,0.0,0.0,0.0,0.0,0.0,0.0,0.0,0.0,0.0
triunfazo_millos,174,-1,0,0,0,5,5,0,0,0.0,0.0,0.0,0.0,0,0,0,0.0,left,0.0,0.0,0,0.0,,0.465121,0.263851,0.06868,0.264609,0.0,0.0,0.0,0.0,0.0,0.0,0.0,0.0,0.0
triunfazo_millos,177,1,0,0,0,8,8,4,0,0.5,0.0,0.0,0.0,0,0,0,0.0,left,0.0,0.0,0,0.0,,0.138245,0.791526,0.081385,0.195795,0.184119,0.0,0.0,0.0,0.0,0.0,0.0,0.0,0.0
triunfazo_millos,180,-1,0,0,0,3,3,0,0,0.0,0.0,0.0,0.0,0,0,0,0.0,left,0.0,0.0,0,0.0,,0.306461,0.523008,0.139837,0.305395,0.0,0.0,0.0,0.0,0.0,0.0,0.0,0.0,0.0
triunfazo_millos,184,-1,0,0,0,1,1,0,0,0.0,0.0,0.0,0.0,0,0,0,0.0,left,0.0,0.0,0,0.0,,0.293018,0.88445,0.056359,0.230258,0.0,0.0,0.0,0.0,0.0,0.0,0.0,0.0,0.0
triunfazo_millos,187,-1,0,0,0,1,1,0,1,1.0,0.0,0.0,0.0,0,0,0,0.0,right,0.0,0.0,0,0.0,,0.966071,0.509839,0.066719,0.132414,0.0,0.0,0.0,0.0,0.0,0.0,0.0,0.0,0.0
triunfazo_millos,208,-1,0,0,0,7,7,7,0,1.0,0.0,0.0,0.0,0,0,0,0.0,left,0.0,0.0,0,0.0,,0.049692,0.333252,0.090368,0.288472,0.0,0.0,0.0,0.0,0.0,0.0,0.0,0.0,0.0
triunfazo_millos,213,-1,0,0,0,3,3,0,0,0.0,0.0,0.0,0.0,0,0,0,0.0,left,0.0,0.0,0,0.0,,0.510914,0.377227,0.093805,0.263282,0.0,0.0,0.0,0.0,0.0,0.0,0.0,0.0,0.0
triunfazo_millos,218,0,0,0,0,10,10,0,0,0.0,0.0,0.0,0.0,0,0,0,0.0,left,0.0,0.0,0,0.0,,0.574671,0.443007,0.073397,0.326933,0.179236,0.0,0.0,0.0,0.0,0.0,0.0,0.0,0.0
triunfazo_millos,220,1,0,0,0,9,9,9,0,1.0,0.0,0.0,0.0,0,0,0,0.0,left,0.0,0.0,0,0.0,,0.01415,0.589457,0.026725,0.249742,0.184119,0.0,0.0,0.0,0.0,0.0,0.0,0.0,0.0
triunfazo_millos,241,-1,0,0,0,5,5,0,0,0.0,0.0,0.0,0.0,0,0,0,0.0,left,0.0,0.0,0,0.0,,0.519862,0.52361,0.081946,0.278164,0.0,0.0,0.0,0.0,0.0,0.0,0.0,0.0,0.0
triunfazo_millos,252,0,0,0,0,251,249,0,0,0.0,0.0,0.0,0.0,0,0,0,0.0,left,0.0,0.0,0,0.0,,0.564679,0.611451,0.024959,0.086975,0.179236,0.0,0.0,0.0,0.0,0.0,0.0,0.0,0.0
triunfazo_millos,254,0,0,0,0,250,249,0,0,0.0,0.0,0.0,0.0,0,0,0,0.0,left,0.0,0.0,0,0.0,,0.570667,0.686168,0.032048,0.093745,0.179236,0.0,0.0,0.0,0.0,0.0,0.0,0.0,0.0
triunfazo_millos,255,1,0,0,0,252,250,0,0,0.0,0.0,0.0,0.0,0,0,0,0.0,left,0.0,0.0,0,0.0,,0.318596,0.49231,0.025088,0.080137,0.184119,0.0,0.0,0.0,0.0,0.0,0.0,0.0,0.0
triunfazo_millos,256,1,0,0,0,97,88,0,97,1.0,0.0,0.0,0.0,0,0,0,0.0,right,0.0,0.0,0,0.0,,0.968507,0.338494,0.013871,0.059317,0.184119,0.0,0.0,0.0,0.0,0.0,0.0,0.0,0.0
triunfazo_millos,257,0,0,0,0,250,249,0,0,0.0,0.0,0.0,0.0,0,0,0,0.0,left,0.0,0.0,0,0.0,,0.367403,0.582764,0.023399,0.089278,0.179236,0.0,0.0,0.0,0.0,0.0,0.0,0.0,0.0
triunfazo_millos,258,0,0,0,0,252,249,39,0,0.154762,0.0,0.0,0.0,0,0,0,0.0,left,0.0,0.0,0,0.0,,0.236609,0.451919,0.023709,0.075069,0.179236,0.0,0.0,0.0,0.0,0.0,0.0,0.0,0.0
triunfazo_millos,259,1,0,0,0,252,250,0,0,0.0,0.0,0.0,0.0,0,0,0,0.0,left,0.0,0.0,0,0.0,,0.64677,0.587934,0.025909,0.087969,0.184119,0.0,0.0,0.0,0.0,0.0,0.0,0.0,0.0
triunfazo_millos,260,1,0,0,0,20,20,0,0,0.0,0.0,0.0,0.0,0,0,0,0.0,left,0.0,0.0,0,0.0,,0.751782,0.287191,0.012278,0.051404,0.184119,0.0,0.0,0.0,0.0,0.0,0.0,0.0,0.0
triunfazo_millos,261,1,0,0,0,252,249,0,51,0.202381,0.0,0.0,0.0,0,0,0,0.0,right,0.0,0.0,0,0.0,,0.794259,0.424351,0.020953,0.07444,0.184119,0.0,0.0,0.0,0.0,0.0,0.0,0.0,0.0
triunfazo_millos,262,0,0,0,0,251,248,0,0,0.0,0.0,0.0,0.0,0,0,0,0.0,left,0.0,0.0,0,0.0,,0.722149,0.453016,0.021177,0.076636,0.179236,0.0,0.0,0.0,0.0,0.0,0.0,0.0,0.0
triunfazo_millos,263,0,0,0,0,150,150,0,32,0.213333,0.0,0.0,0.0,0,0,0,0.0,right,0.0,0.0,0,0.0,,0.835704,0.357125,0.014554,0.057938,0.179236,0.0,0.0,0.0,0.0,0.0,0.0,0.0,0.0
triunfazo_millos,264,0,0,0,0,250,248,0,0,0.0,0.0,0.0,0.0,0,0,0,0.0,left,0.0,0.0,0,0.0,,0.45863,0.40452,0.017798,0.07343,0.179236,0.0,0.0,0.0,0.0,0.0,0.0,0.0,0.0
triunfazo_millos,265,0,0,0,0,250,250,0,0,0.0,0.0,0.0,0.0,0,0,0,0.0,left,0.0,0.0,0,0.0,,0.523142,0.259775,0.012563,0.049668,0.179236,0.0,0.0,0.0,0.0,0.0,0.0,0.0,0.0
triunfazo_millos,266,1,0,0,0,250,249,0,52,0.208,0.0,0.0,0.0,0,0,0,0.0,right,0.0,0.0,0,0.0,,0.686619,0.661047,0.026334,0.096399,0.184119,0.0,0.0,0.0,0.0,0.0,0.0,0.0,0.0
triunfazo_millos,267,0,0,0,0,251,249,0,0,0.0,0.0,0.0,0.0,0,0,0,0.0,left,0.0,0.0,0,0.0,,0.755925,0.496756,0.021847,0.07839,0.179236,0.0,0.0,0.0,0.0,0.0,0.0,0.0,0.0
triunfazo_millos,268,-2,0,0,0,115,115,0,0,0.0,0.0,0.0,0.0,0,0,0,0.0,left,0.0,0.0,0,0.0,,0.219053,0.232298,0.00986,0.036519,0.0,0.0,0.0,0.0,0.0,0.0,0.0,0.0,0.0
triunfazo_millos,271,0,0,0,0,9,9,0,0,0.0,0.0,0.0,0.0,0,0,0,0.0,left,0.0,0.0,0,0.0,,0.765443,0.21899,0.008448,0.034488,0.179236,0.0,0.0,0.0,0.0,0.0,0.0,0.0,0.0
triunfazo_millos,273,1,0,0,0,240,239,0,0,0.0,0.0,0.0,0.0,0,0,0,0.0,left,0.0,0.0,0,0.0,,0.453681,0.725754,0.033644,0.101895,0.184119,0.0,0.0,0.0,0.0,0.0,0.0,0.0,0.0
triunfazo_millos,275,1,0,0,0,183,182,0,69,0.377049,0.0,0.0,0.0,0,0,0,0.0,right,0.0,0.0,0,0.0,,0.858904,0.281851,0.014404,0.054964,0.184119,0.0,0.0,0.0,0.0,0.0,0.0,0.0,0.0
triunfazo_millos,276,-2,0,0,0,14,14,0,0,0.0,0.0,0.0,0.0,0,0,0,0.0,left,0.0,0.0,0,0.0,,0.785658,0.21806,0.008451,0.035058,0.0,0.0,0.0,0.0,0.0,0.0,0.0,0.0,0.0
triunfazo_millos,278,-1,0,0,0,6,6,0,0,0.0,0.0,0.0,0.0,0,0,0,0.0,left,0.0,0.0,0,0.0,,0.781036,0.218109,0.009068,0.035638,0.0,0.0,0.0,0.0,0.0,0.0,0.0,0.0,0.0
triunfazo_millos,280,0,0,0,0,8,8,0,0,0.0,0.0,0.0,0.0,0,0,0,0.0,left,0.0,0.0,0,0.0,,0.81747,0.211684,0.009795,0.034661,0.179236,0.0,0.0,0.0,0.0,0.0,0.0,0.0,0.0
triunfazo_millos,283,-2,0,0,0,23,23,0,3,0.130435,0.0,0.0,0.0,0,0,0,0.0,right,0.0,0.0,0,0.0,,0.840882,0.825424,0.027156,0.13455,0.0,0.0,0.0,0.0,0.0,0.0,0.0,0.0,0.0
triunfazo_millos,287,-1,0,0,0,1,1,0,0,0.0,0.0,0.0,0.0,0,0,0,0.0,left,0.0,0.0,0,0.0,,0.834842,0.209698,0.009876,0.035276,0.0,0.0,0.0,0.0,0.0,0.0,0.0,0.0,0.0
triunfazo_millos,294,-1,0,0,0,1,1,1,0,1.0,0.0,0.0,0.0,0,0,0,0.0,left,0.0,0.0,0,0.0,,0.003629,0.220542,0.006093,0.031352,0.0,0.0,0.0,0.0,0.0,0.0,0.0,0.0,0.0
triunfazo_millos,296,-1,0,0,0,4,4,4,0,1.0,0.0,0.0,0.0,0,0,0,0.0,left,0.0,0.0,0,0.0,,0.00629,0.385029,0.011738,0.065582,0.0,0.0,0.0,0.0,0.0,0.0,0.0,0.0,0.0
triunfazo_millos,300,0,0,0,0,34,34,34,0,1.0,0.0,0.0,0.0,0,0,0,0.0,left,0.0,0.0,0,0.0,,0.06224,0.402384,0.029492,0.06422,0.179236,0.0,0.0,0.0,0.0,0.0,0.0,0.0,0.0
triunfazo_millos,301,-1,0,0,0,3,3,0,0,0.0,0.0,0.0,0.0,0,0,0,0.0,left,0.0,0.0,0,0.0,,0.298104,0.207309,0.010266,0.038753,0.0,0.0,0.0,0.0,0.0,0.0,0.0,0.0,0.0
triunfazo_millos,306,-1,0,0,0,1,1,0,0,0.0,0.0,0.0,0.0,0,0,0,0.0,left,0.0,0.0,0,0.0,,0.313436,0.206507,0.010093,0.036842,0.0,0.0,0.0,0.0,0.0,0.0,0.0,0.0,0.0
triunfazo_millos,308,-1,0,0,0,2,2,0,0,0.0,0.0,0.0,0.0,0,0,0,0.0,left,0.0,0.0,0,0.0,,0.303054,0.487203,0.026271,0.079336,0.0,0.0,0.0,0.0,0.0,0.0,0.0,0.0,0.0
triunfazo_millos,309,-1,0,0,0,2,2,0,0,0.0,0.0,0.0,0.0,0,0,0,0.0,left,0.0,0.0,0,0.0,,0.320995,0.203809,0.010674,0.037361,0.0,0.0,0.0,0.0,0.0,0.0,0.0,0.0,0.0
triunfazo_millos,313,-2,0,0,0,43,43,0,0,0.0,0.0,0.0,0.0,0,0,0,0.0,left,0.0,0.0,0,0.0,,0.390674,0.193668,0.01039,0.038369,0.0,0.0,0.0,0.0,0.0,0.0,0.0,0.0,0.0
triunfazo_millos,315,0,0,0,0,13,13,0,0,0.0,0.0,0.0,0.0,0,0,0,0.0,left,0.0,0.0,0,0.0,,0.753338,0.498428,0.023428,0.08054,0.179236,0.0,0.0,0.0,0.0,0.0,0.0,0.0,0.0
triunfazo_millos,318,-1,0,0,0,2,2,0,0,0.0,0.0,0.0,0.0,0,0,0,0.0,left,0.0,0.0,0,0.0,,0.751644,0.46072,0.021217,0.080043,0.0,0.0,0.0,0.0,0.0,0.0,0.0,0.0,0.0
triunfazo_millos,321,0,0,0,0,29,29,10,0,0.344828,0.0,0.0,0.0,0,0,0,0.0,left,0.0,0.0,0,0.0,,0.160853,0.424516,0.035427,0.054731,0.179236,0.0,0.0,0.0,0.0,0.0,0.0,0.0,0.0
triunfazo_millos,328,-2,0,0,0,49,49,0,0,0.0,0.0,0.0,0.0,0,0,0,0.0,left,0.0,0.0,0,0.0,,0.451231,0.173932,0.010938,0.044205,0.0,0.0,0.0,0.0,0.0,0.0,0.0,0.0,0.0
triunfazo_millos,333,-1,0,0,0,2,2,0,0,0.0,0.0,0.0,0.0,0,0,0,0.0,left,0.0,0.0,0,0.0,,0.639824,0.281712,0.016381,0.060453,0.0,0.0,0.0,0.0,0.0,0.0,0.0,0.0,0.0
triunfazo_millos,334,-1,0,0,0,10,0,10,0,1.0,0.0,0.0,0.0,0,0,0,0.0,left,0.0,0.0,0,0.0,,0.013254,0.98692,0.024449,0.024702,0.0,0.0,0.0,0.0,0.0,0.0,0.0,0.0,0.0
triunfazo_millos,335,-1,0,0,0,5,5,0,0,0.0,0.0,0.0,0.0,0,0,0,0.0,left,0.0,0.0,0,0.0,,0.656416,0.290458,0.016886,0.068397,0.0,0.0,0.0,0.0,0.0,0.0,0.0,0.0,0.0
triunfazo_millos,336,0,0,0,0,450,445,0,47,0.104444,0.0,0.0,0.0,0,0,0,0.0,right,0.0,0.0,0,0.0,,0.66292,0.863218,0.028172,0.095252,0.179236,0.0,0.0,0.0,0.0,0.0,0.0,0.0,0.0
triunfazo_millos,337,0,0,0,0,453,452,93,0,0.205298,0.0,0.0,0.0,0,0,0,0.0,left,0.0,0.0,0,0.0,,0.326892,0.74986,0.0266,0.086838,0.179236,0.0,0.0,0.0,0.0,0.0,0.0,0.0,0.0
triunfazo_millos,338,1,0,0,0,279,278,0,0,0.0,0.0,0.0,0.0,0,0,0,0.0,left,0.0,0.0,0,0.0,,0.36348,0.705757,0.024794,0.085113,0.184119,0.0,0.0,0.0,0.0,0.0,0.0,0.0,0.0
triunfazo_millos,339,1,0,0,0,227,227,0,62,0.273128,0.0,0.0,0.0,0,0,0,0.0,right,0.0,0.0,0,0.0,,0.774699,0.920938,0.029709,0.114526,0.184119,0.0,0.0,0.0,0.0,0.0,0.0,0.0,0.0
triunfazo_millos,340,1,0,0,0,453,452,0,0,0.0,0.0,0.0,0.0,0,0,0,0.0,left,0.0,0.0,0,0.0,,0.543716,0.90462,0.029297,0.099575,0.184119,0.0,0.0,0.0,0.0,0.0,0.0,0.0,0.0
triunfazo_millos,341,1,0,0,0,90,89,0,90,1.0,0.0,0.0,0.0,0,0,0,0.0,right,0.0,0.0,0,0.0,,0.960104,0.452557,0.016356,0.06765,0.184119,0.0,0.0,0.0,0.0,0.0,0.0,0.0,0.0
triunfazo_millos,342,0,0,0,0,104,100,0,104,1.0,0.0,0.0,0.0,0,0,0,0.0,right,0.0,0.0,0,0.0,,0.921585,0.647519,0.021299,0.081739,0.179236,0.0,0.0,0.0,0.0,0.0,0.0,0.0,0.0
triunfazo_millos,343,1,0,0,0,453,452,0,0,0.0,0.0,0.0,0.0,0,0,0,0.0,left,0.0,0.0,0,0.0,,0.700731,0.648745,0.022038,0.080176,0.184119,0.0,0.0,0.0,0.0,0.0,0.0,0.0,0.0
triunfazo_millos,344,1,0,0,0,453,450,0,1,0.002208,0.0,0.0,0.0,0,0,0,0.0,right,0.0,0.0,0,0.0,,0.635034,0.357255,0.015157,0.055335,0.184119,0.0,0.0,0.0,0.0,0.0,0.0,0.0,0.0
triunfazo_millos,345,1,0,0,0,316,314,0,208,0.658228,0.0,0.0,0.0,0,0,0,0.0,right,0.0,0.0,0,0.0,,0.869458,0.694052,0.024959,0.087777,0.184119,0.0,0.0,0.0,0.0,0.0,0.0,0.0,0.0
triunfazo_millos,346,0,0,0,0,453,453,0,16,0.03532,0.0,0.0,0.0,0,0,0,0.0,right,0.0,0.0,0,0.0,,0.583417,0.614735,0.021376,0.079328,0.179236,0.0,0.0,0.0,0.0,0.0,0.0,0.0,0.0
triunfazo_millos,348,0,0,0,0,452,452,0,149,0.329646,0.0,0.0,0.0,0,0,0,0.0,right,0.0,0.0,0,0.0,,0.835779,0.743152,0.026075,0.095109,0.179236,0.0,0.0,0.0,0.0,0.0,0.0,0.0,0.0
triunfazo_millos,349,0,0,0,0,452,452,128,0,0.283186,0.0,0.0,0.0,0,0,0,0.0,left,0.0,0.0,0,0.0,,0.333089,0.587896,0.022063,0.07724,0.179236,0.0,0.0,0.0,0.0,0.0,0.0,0.0,0.0
triunfazo_millos,350,-1,0,0,0,2,2,0,0,0.0,0.0,0.0,0.0,0,0,0,0.0,left,0.0,0.0,0,0.0,,0.46504,0.947512,0.030498,0.102252,0.0,0.0,0.0,0.0,0.0,0.0,0.0,0.0,0.0
triunfazo_millos,351,1,0,0,0,448,448,79,0,0.176339,0.0,0.0,0.0,0,0,0,0.0,left,0.0,0.0,0,0.0,,0.28593,0.734953,0.026771,0.088979,0.184119,0.0,0.0,0.0,0.0,0.0,0.0,0.0,0.0
triunfazo_millos,352,0,0,0,0,447,447,0,0,0.0,0.0,0.0,0.0,0,0,0,0.0,left,0.0,0.0,0,0.0,,0.448011,0.66319,0.021845,0.077942,0.179236,0.0,0.0,0.0,0.0,0.0,0.0,0.0,0.0
triunfazo_millos,353,0,0,0,0,405,402,0,85,0.209877,0.0,0.0,0.0,0,0,0,0.0,right,0.0,0.0,0,0.0,,0.733445,0.506604,0.018603,0.064579,0.179236,0.0,0.0,0.0,0.0,0.0,0.0,0.0,0.0
triunfazo_millos,354,1,0,0,0,451,451,102,0,0.226164,0.0,0.0,0.0,0,0,0,0.0,left,0.0,0.0,0,0.0,,0.324448,0.552714,0.021345,0.078416,0.184119,0.0,0.0,0.0,0.0,0.0,0.0,0.0,0.0
triunfazo_millos,355,-2,0,0,0,217,217,0,0,0.0,0.0,0.0,0.0,0,0,0,0.0,left,0.0,0.0,0,0.0,,0.386498,0.27836,0.01031,0.038492,0.0,0.0,0.0,0.0,0.0,0.0,0.0,0.0,0.0
triunfazo_millos,356,0,0,0,0,448,448,0,0,0.0,0.0,0.0,0.0,0,0,0,0.0,left,0.0,0.0,0,0.0,,0.45423,0.451247,0.017085,0.061019,0.179236,0.0,0.0,0.0,0.0,0.0,0.0,0.0,0.0
triunfazo_millos,357,0,0,0,0,448,448,100,0,0.223214,0.0,0.0,0.0,0,0,0,0.0,left,0.0,0.0,0,0.0,,0.337231,0.522153,0.019097,0.073202,0.179236,0.0,0.0,0.0,0.0,0.0,0.0,0.0,0.0
triunfazo_millos,359,0,0,0,0,277,277,0,0,0.0,0.0,0.0,0.0,0,0,0,0.0,left,0.0,0.0,0,0.0,,0.500512,0.644857,0.02388,0.076597,0.179236,0.0,0.0,0.0,0.0,0.0,0.0,0.0,0.0
triunfazo_millos,369,0,1,0,1,29,29,29,0,1.0,0.5574,0.5574,0.0,0,0,0,0.0,left,0.0,0.0,0,0.031676,fused_class_seeded,0.063293,0.464958,0.019599,0.065547,0.179236,0.677081,0.651234,0.528589,0.471411,0.0,0.0,0.5574,0.523173
triunfazo_millos,370,-1,0,0,0,6,6,0,0,0.0,0.0,0.0,0.0,0,0,0,0.0,left,0.0,0.0,0,0.0,,0.724146,0.963748,0.021642,0.071165,0.0,0.0,0.0,0.0,0.0,0.0,0.0,0.0,0.0
triunfazo_millos,373,0,0,0,0,27,23,0,0,0.0,0.0,0.0,0.0,0,0,0,0.0,left,0.0,0.0,0,0.0,,0.82692,0.983924,0.021549,0.031314,0.179236,0.0,0.0,0.0,0.0,0.0,0.0,0.0,0.0
triunfazo_millos,375,-1,0,0,0,3,3,0,3,1.0,0.0,0.0,0.0,0,0,0,0.0,right,0.0,0.0,0,0.0,,0.996087,0.915866,0.007391,0.096106,0.0,0.0,0.0,0.0,0.0,0.0,0.0,0.0,0.0
triunfazo_millos,376,-2,0,0,0,55,55,0,0,0.0,0.0,0.0,0.0,0,0,0,0.0,left,0.0,0.0,0,0.0,,0.626899,0.297188,0.010993,0.035777,0.0,0.0,0.0,0.0,0.0,0.0,0.0,0.0,0.0
triunfazo_millos,378,0,0,0,0,168,168,0,0,0.0,0.0,0.0,0.0,0,0,0,0.0,left,0.0,0.0,0,0.0,,0.700492,0.552591,0.02051,0.078919,0.179236,0.0,0.0,0.0,0.0,0.0,0.0,0.0,0.0
triunfazo_millos,388,-1,0,0,0,1,1,0,0,0.0,0.0,0.0,0.0,0,0,0,0.0,left,0.0,0.0,0,0.0,,0.699737,0.316186,0.013709,0.038265,0.0,0.0,0.0,0.0,0.0,0.0,0.0,0.0,0.0
triunfazo_millos,390,-2,0,0,0,81,81,0,0,0.0,0.0,0.0,0.0,0,0,0,0.0,left,0.0,0.0,0,0.0,,0.744305,0.324409,0.011673,0.042033,0.0,0.0,0.0,0.0,0.0,0.0,0.0,0.0,0.0
triunfazo_millos,394,1,0,0,0,93,93,0,0,0.0,0.0,0.0,0.0,0,0,0,0.0,left,0.0,0.0,0,0.0,,0.668927,0.504881,0.019522,0.071701,0.184119,0.0,0.0,0.0,0.0,0.0,0.0,0.0,0.0
triunfazo_millos,398,0,0,0,0,29,29,0,0,0.0,0.0,0.0,0.0,0,0,0,0.0,left,0.0,0.0,0,0.0,,0.234083,0.296192,0.012454,0.047211,0.179236,0.0,0.0,0.0,0.0,0.0,0.0,0.0,0.0
triunfazo_millos,399,0,0,0,0,28,28,28,0,1.0,0.0,0.0,0.0,0,0,0,0.0,left,0.0,0.0,0,0.0,,0.058355,0.33739,0.01486,0.052747,0.179236,0.0,0.0,0.0,0.0,0.0,0.0,0.0,0.0
triunfazo_millos,401,-1,0,0,0,5,5,0,0,0.0,0.0,0.0,0.0,0,0,0,0.0,left,0.0,0.0,0,0.0,,0.767328,0.385525,0.012696,0.055554,0.0,0.0,0.0,0.0,0.0,0.0,0.0,0.0,0.0
triunfazo_millos,402,1,0,0,0,42,42,0,0,0.0,0.0,0.0,0.0,0,0,0,0.0,left,0.0,0.0,0,0.0,,0.63991,0.471049,0.019602,0.073272,0.184119,0.0,0.0,0.0,0.0,0.0,0.0,0.0,0.0
triunfazo_millos,404,0,0,0,0,26,26,26,0,1.0,0.0,0.0,0.0,0,0,0,0.0,left,0.0,0.0,0,0.0,,0.136299,0.328317,0.013834,0.048235,0.179236,0.0,0.0,0.0,0.0,0.0,0.0,0.0,0.0
triunfazo_millos,405,-1,0,0,0,6,6,0,0,0.0,0.0,0.0,0.0,0,0,0,0.0,left,0.0,0.0,0,0.0,,0.666742,0.320202,0.0123,0.045029,0.0,0.0,0.0,0.0,0.0,0.0,0.0,0.0,0.0
triunfazo_millos,407,-1,1,0,0,21,21,0,0,0.0,0.0,0.0,0.0,0,0,0,0.0,left,0.0,0.0,0,0.0,,0.624856,0.393685,0.139852,0.368096,0.0,0.0,0.0,0.0,0.0,0.0,0.0,0.0,0.0
triunfazo_millos,409,-1,0,0,0,3,3,0,0,0.0,0.0,0.0,0.0,0,0,0,0.0,left,0.0,0.0,0,0.0,,0.611516,0.410469,0.138397,0.365784,0.0,0.0,0.0,0.0,0.0,0.0,0.0,0.0,0.0
triunfazo_millos,415,-1,0,0,0,1,1,0,0,0.0,0.0,0.0,0.0,0,0,0,0.0,left,0.0,0.0,0,0.0,,0.315861,0.874374,0.112116,0.250743,0.0,0.0,0.0,0.0,0.0,0.0,0.0,0.0,0.0
triunfazo_millos,417,-1,0,0,0,3,3,0,0,0.0,0.0,0.0,0.0,0,0,0,0.0,left,0.0,0.0,0,0.0,,0.202642,0.562023,0.128319,0.281122,0.0,0.0,0.0,0.0,0.0,0.0,0.0,0.0,0.0
triunfazo_millos,428,0,0,0,0,106,106,106,0,1.0,0.0,0.0,0.0,0,0,0,0.0,left,0.0,0.0,0,0.0,,0.012975,0.558612,0.025472,0.176066,0.179236,0.0,0.0,0.0,0.0,0.0,0.0,0.0,0.0
triunfazo_millos,431,-1,0,0,0,7,7,0,0,0.0,0.0,0.0,0.0,0,0,0,0.0,left,0.0,0.0,0,0.0,,0.551963,0.374199,0.043611,0.124228,0.0,0.0,0.0,0.0,0.0,0.0,0.0,0.0,0.0
triunfazo_millos,434,-1,0,0,0,6,6,6,0,1.0,0.0,0.0,0.0,0,0,0,0.0,left,0.0,0.0,0,0.0,,0.0099,0.187585,0.017834,0.191398,0.0,0.0,0.0,0.0,0.0,0.0,0.0,0.0,0.0
triunfazo_millos,435,-1,0,0,0,4,4,4,0,1.0,0.0,0.0,0.0,0,0,0,0.0,left,0.0,0.0,0,0.0,,0.031414,0.261947,0.052677,0.249125,0.0,0.0,0.0,0.0,0.0,0.0,0.0,0.0,0.0
triunfazo_millos,436,-1,0,0,0,2,2,0,2,1.0,0.0,0.0,0.0,0,0,0,0.0,right,0.0,0.0,0,0.0,,0.861527,0.555372,0.038398,0.259708,0.0,0.0,0.0,0.0,0.0,0.0,0.0,0.0,0.0
triunfazo_millos,439,1,0,0,0,8,8,0,0,0.0,0.0,0.0,0.0,0,0,0,0.0,left,0.0,0.0,0,0.0,,0.738999,0.571453,0.041396,0.27777,0.184119,0.0,0.0,0.0,0.0,0.0,0.0,0.0,0.0
triunfazo_millos,440,1,0,0,0,91,91,66,0,0.725275,0.0,0.0,0.0,0,0,0,0.0,left,0.0,0.0,0,0.0,,0.124314,0.277723,0.066873,0.294257,0.184119,0.0,0.0,0.0,0.0,0.0,0.0,0.0,0.0
triunfazo_millos,442,1,0,0,0,26,26,0,0,0.0,0.0,0.0,0.0,0,0,0,0.0,left,0.0,0.0,0,0.0,,0.789711,0.203425,0.06622,0.348366,0.184119,0.0,0.0,0.0,0.0,0.0,0.0,0.0,0.0
triunfazo_millos,443,1,0,0,0,37,37,0,37,1.0,0.0,0.0,0.0,0,0,0,0.0,right,0.0,0.0,0,0.0,,0.919618,0.090193,0.049092,0.167879,0.184119,0.0,0.0,0.0,0.0,0.0,0.0,0.0,0.0
triunfazo_millos,445,1,0,0,0,12,12,0,0,0.0,0.0,0.0,0.0,0,0,0,0.0,left,0.0,0.0,0,0.0,,0.556583,0.240743,0.085149,0.250987,0.184119,0.0,0.0,0.0,0.0,0.0,0.0,0.0,0.0
triunfazo_millos,459,-1,0,0,0,6,6,0,0,0.0,0.0,0.0,0.0,0,0,0,0.0,left,0.0,0.0,0,0.0,,0.359181,0.205464,0.089754,0.248571,0.0,0.0,0.0,0.0,0.0,0.0,0.0,0.0,0.0
triunfazo_millos,461,1,0,0,0,113,113,0,0,0.0,0.0,0.0,0.0,0,0,0,0.0,left,0.0,0.0,0,0.0,,0.384889,0.890307,0.070336,0.130207,0.184119,0.0,0.0,0.0,0.0,0.0,0.0,0.0,0.0
triunfazo_millos,462,1,0,0,0,8,8,0,0,0.0,0.0,0.0,0.0,0,0,0,0.0,left,0.0,0.0,0,0.0,,0.367869,0.270131,0.107847,0.270981,0.184119,0.0,0.0,0.0,0.0,0.0,0.0,0.0,0.0
triunfazo_millos,463,1,0,0,0,15,15,15,0,1.0,0.0,0.0,0.0,0,0,0,0.0,left,0.0,0.0,0,0.0,,0.07305,0.308908,0.089509,0.332866,0.184119,0.0,0.0,0.0,0.0,0.0,0.0,0.0,0.0
triunfazo_millos,464,-1,0,0,0,7,7,7,0,1.0,0.0,0.0,0.0,0,0,0,0.0,left,0.0,0.0,0,0.0,,0.047669,0.501283,0.080982,0.32813,0.0,0.0,0.0,0.0,0.0,0.0,0.0,0.0,0.0
triunfazo_millos,467,-1,0,0,0,2,2,0,0,0.0,0.0,0.0,0.0,0,0,0,0.0,left,0.0,0.0,0,0.0,,0.321098,0.250125,0.075753,0.20313,0.0,0.0,0.0,0.0,0.0,0.0,0.0,0.0,0.0
triunfazo_millos,470,1,0,0,0,11,11,0,0,0.0,0.0,0.0,0.0,0,0,0,0.0,left,0.0,0.0,0,0.0,,0.42733,0.696534,0.08369,0.21237,0.184119,0.0,0.0,0.0,0.0,0.0,0.0,0.0,0.0
triunfazo_millos,471,1,0,0,0,19,19,0,15,0.789474,0.0,0.0,0.0,0,0,0,0.0,right,0.0,0.0,0,0.0,,0.871539,0.209665,0.048242,0.228392,0.184119,0.0,0.0,0.0,0.0,0.0,0.0,0.0,0.0
triunfazo_millos,472,-1,0,0,0,6,6,0,6,1.0,0.0,0.0,0.0,0,0,0,0.0,right,0.0,0.0,0,0.0,,0.875314,0.153993,0.035198,0.162318,0.0,0.0,0.0,0.0,0.0,0.0,0.0,0.0,0.0
triunfazo_millos,474,1,0,0,0,11,11,4,0,0.363636,0.0,0.0,0.0,0,0,0,0.0,left,0.0,0.0,0,0.0,,0.208204,0.221383,0.091375,0.276747,0.184119,0.0,0.0,0.0,0.0,0.0,0.0,0.0,0.0
triunfazo_millos,475,1,0,0,0,16,16,0,0,0.0,0.0,0.0,0.0,0,0,0,0.0,left,0.0,0.0,0,0.0,,0.745149,0.729401,0.06704,0.272212,0.184119,0.0,0.0,0.0,0.0,0.0,0.0,0.0,0.0
triunfazo_millos,477,1,0,0,0,28,28,0,3,0.107143,0.0,0.0,0.0,0,0,0,0.0,right,0.0,0.0,0,0.0,,0.607329,0.254196,0.089295,0.324597,0.184119,0.0,0.0,0.0,0.0,0.0,0.0,0.0,0.0
triunfazo_millos,484,-1,0,0,0,4,4,2,0,0.5,0.0,0.0,0.0,0,0,0,0.0,left,0.0,0.0,0,0.0,,0.148151,0.315053,0.055683,0.239636,0.0,0.0,0.0,0.0,0.0,0.0,0.0,0.0,0.0
triunfazo_millos,490,1,0,0,0,12,12,0,0,0.0,0.0,0.0,0.0,0,0,0,0.0,left,0.0,0.0,0,0.0,,0.496706,0.258078,0.074151,0.274796,0.184119,0.0,0.0,0.0,0.0,0.0,0.0,0.0,0.0
triunfazo_millos,492,-1,0,0,0,4,4,0,0,0.0,0.0,0.0,0.0,0,0,0,0.0,left,0.0,0.0,0,0.0,,0.459569,0.305886,0.059247,0.240442,0.0,0.0,0.0,0.0,0.0,0.0,0.0,0.0,0.0
triunfazo_millos,493,-1,0,0,0,2,2,0,0,0.0,0.0,0.0,0.0,0,0,0,0.0,left,0.0,0.0,0,0.0,,0.476698,0.342221,0.039871,0.245249,0.0,0.0,0.0,0.0,0.0,0.0,0.0,0.0,0.0
triunfazo_millos,494,-1,0,0,0,5,5,0,0,0.0,0.0,0.0,0.0,0,0,0,0.0,left,0.0,0.0,0,0.0,,0.458769,0.783625,0.065251,0.264189,0.0,0.0,0.0,0.0,0.0,0.0,0.0,0.0,0.0
triunfazo_millos,500,0,0,0,0,10,10,6,0,0.6,0.0,0.0,0.0,0,0,0,0.0,left,0.0,0.0,0,0.0,,0.128229,0.493707,0.072562,0.300515,0.179236,0.0,0.0,0.0,0.0,0.0,0.0,0.0,0.0
triunfazo_millos,506,-1,0,0,0,6,6,0,2,0.333333,0.0,0.0,0.0,0,0,0,0.0,right,0.0,0.0,0,0.0,,0.857964,0.208289,0.062617,0.235918,0.0,0.0,0.0,0.0,0.0,0.0,0.0,0.0,0.0
triunfazo_millos,509,-1,0,0,0,3,3,0,3,1.0,0.0,0.0,0.0,0,0,0,0.0,right,0.0,0.0,0,0.0,,0.900702,0.23647,0.066169,0.272952,0.0,0.0,0.0,0.0,0.0,0.0,0.0,0.0,0.0
triunfazo_millos,516,-1,0,0,0,2,2,0,0,0.0,0.0,0.0,0.0,0,0,0,0.0,left,0.0,0.0,0,0.0,,0.475192,0.637478,0.052826,0.242983,0.0,0.0,0.0,0.0,0.0,0.0,0.0,0.0,0.0
triunfazo_millos,517,-1,0,0,0,2,2,0,0,0.0,0.0,0.0,0.0,0,0,0,0.0,left,0.0,0.0,0,0.0,,0.17409,0.579403,0.064698,0.273742,0.0,0.0,0.0,0.0,0.0,0.0,0.0,0.0,0.0
triunfazo_millos,521,-1,0,0,0,1,1,0,0,0.0,0.0,0.0,0.0,0,0,0,0.0,left,0.0,0.0,0,0.0,,0.221861,0.588898,0.084934,0.260609,0.0,0.0,0.0,0.0,0.0,0.0,0.0,0.0,0.0
triunfazo_millos,522,-1,0,0,0,5,5,0,0,0.0,0.0,0.0,0.0,0,0,0,0.0,left,0.0,0.0,0,0.0,,0.444584,0.790353,0.069632,0.250521,0.0,0.0,0.0,0.0,0.0,0.0,0.0,0.0,0.0
triunfazo_millos,523,-1,0,0,0,4,4,0,4,1.0,0.0,0.0,0.0,0,0,0,0.0,right,0.0,0.0,0,0.0,,0.9802,0.175707,0.03467,0.194535,0.0,0.0,0.0,0.0,0.0,0.0,0.0,0.0,0.0
triunfazo_millos,524,-1,0,0,0,2,2,0,0,0.0,0.0,0.0,0.0,0,0,0,0.0,left,0.0,0.0,0,0.0,,0.257602,0.751336,0.093064,0.306215,0.0,0.0,0.0,0.0,0.0,0.0,0.0,0.0,0.0
triunfazo_millos,530,-1,0,0,0,1,1,0,1,1.0,0.0,0.0,0.0,0,0,0,0.0,right,0.0,0.0,0,0.0,,0.905369,0.331593,0.041418,0.24551,0.0,0.0,0.0,0.0,0.0,0.0,0.0,0.0,0.0
triunfazo_millos,532,1,0,0,0,10,10,0,0,0.0,0.0,0.0,0.0,0,0,0,0.0,left,0.0,0.0,0,0.0,,0.450358,0.608697,0.091019,0.31673,0.184119,0.0,0.0,0.0,0.0,0.0,0.0,0.0,0.0
triunfazo_millos,537,1,0,0,0,14,14,0,0,0.0,0.0,0.0,0.0,0,0,0,0.0,left,0.0,0.0,0,0.0,,0.382137,0.28452,0.085279,0.284043,0.184119,0.0,0.0,0.0,0.0,0.0,0.0,0.0,0.0
triunfazo_millos,564,1,0,0,0,13,13,0,0,0.0,0.0,0.0,0.0,0,0,0,0.0,left,0.0,0.0,0,0.0,,0.533876,0.196474,0.085439,0.273619,0.184119,0.0,0.0,0.0,0.0,0.0,0.0,0.0,0.0
triunfazo_millos,571,-1,0,0,0,3,3,0,3,1.0,0.0,0.0,0.0,0,0,0,0.0,right,0.0,0.0,0,0.0,,0.986495,0.347417,0.024588,0.204769,0.0,0.0,0.0,0.0,0.0,0.0,0.0,0.0,0.0
triunfazo_millos,583,-1,0,0,0,5,5,0,0,0.0,0.0,0.0,0.0,0,0,0,0.0,left,0.0,0.0,0,0.0,,0.610035,0.286965,0.086991,0.274759,0.0,0.0,0.0,0.0,0.0,0.0,0.0,0.0,0.0
triunfazo_millos,586,-1,0,0,0,5,5,0,0,0.0,0.0,0.0,0.0,0,0,0,0.0,left,0.0,0.0,0,0.0,,0.557876,0.40993,0.063275,0.247304,0.0,0.0,0.0,0.0,0.0,0.0,0.0,0.0,0.0
triunfazo_millos,587,-1,0,0,0,3,3,0,0,0.0,0.0,0.0,0.0,0,0,0,0.0,left,0.0,0.0,0,0.0,,0.625096,0.309014,0.062145,0.267062,0.0,0.0,0.0,0.0,0.0,0.0,0.0,0.0,0.0
triunfazo_millos,591,-1,0,0,0,7,7,0,7,1.0,0.0,0.0,0.0,0,0,0,0.0,right,0.0,0.0,0,0.0,,0.972169,0.201836,0.044254,0.229726,0.0,0.0,0.0,0.0,0.0,0.0,0.0,0.0,0.0
triunfazo_millos,594,-1,0,0,0,4,4,0,4,1.0,0.0,0.0,0.0,0,0,0,0.0,right,0.0,0.0,0,0.0,,0.9465,0.59979,0.093716,0.366831,0.0,0.0,0.0,0.0,0.0,0.0,0.0,0.0,0.0
triunfazo_millos,598,-1,0,0,0,2,2,0,2,1.0,0.0,0.0,0.0,0,0,0,0.0,right,0.0,0.0,0,0.0,,0.972633,0.16816,0.036305,0.166431,0.0,0.0,0.0,0.0,0.0,0.0,0.0,0.0,0.0
triunfazo_millos,600,-1,0,0,0,2,2,0,2,1.0,0.0,0.0,0.0,0,0,0,0.0,right,0.0,0.0,0,0.0,,0.964662,0.688107,0.0686,0.244359,0.0,0.0,0.0,0.0,0.0,0.0,0.0,0.0,0.0
triunfazo_millos,604,1,0,0,0,22,22,0,22,1.0,0.0,0.0,0.0,0,0,0,0.0,right,0.0,0.0,0,0.0,,0.958918,0.252276,0.058486,0.251231,0.184119,0.0,0.0,0.0,0.0,0.0,0.0,0.0,0.0
triunfazo_millos,609,1,0,0,0,12,12,0,12,1.0,0.0,0.0,0.0,0,0,0,0.0,right,0.0,0.0,0,0.0,,0.975757,0.313387,0.039795,0.234605,0.184119,0.0,0.0,0.0,0.0,0.0,0.0,0.0,0.0
triunfazo_millos,610,-1,0,0,0,1,1,0,1,1.0,0.0,0.0,0.0,0,0,0,0.0,right,0.0,0.0,0,0.0,,0.990117,0.136719,0.019188,0.191081,0.0,0.0,0.0,0.0,0.0,0.0,0.0,0.0,0.0
triunfazo_millos,619,-1,0,0,0,5,5,0,5,1.0,0.0,0.0,0.0,0,0,0,0.0,right,0.0,0.0,0,0.0,,0.983713,0.301216,0.029516,0.205943,0.0,0.0,0.0,0.0,0.0,0.0,0.0,0.0,0.0
triunfazo_millos,620,1,0,0,0,10,10,0,0,0.0,0.0,0.0,0.0,0,0,0,0.0,left,0.0,0.0,0,0.0,,0.463407,0.679614,0.087377,0.310526,0.184119,0.0,0.0,0.0,0.0,0.0,0.0,0.0,0.0
triunfazo_millos,632,-2,0,0,0,35,35,0,0,0.0,0.0,0.0,0.0,0,0,0,0.0,left,0.0,0.0,0,0.0,,0.283799,0.255531,0.079746,0.3072,0.0,0.0,0.0,0.0,0.0,0.0,0.0,0.0,0.0
triunfazo_millos,639,1,0,0,0,10,10,0,0,0.0,0.0,0.0,0.0,0,0,0,0.0,left,0.0,0.0,0,0.0,,0.628494,0.608255,0.073396,0.298648,0.184119,0.0,0.0,0.0,0.0,0.0,0.0,0.0,0.0
triunfazo_millos,644,1,0,0,0,8,8,0,0,0.0,0.0,0.0,0.0,0,0,0,0.0,left,0.0,0.0,0,0.0,,0.507614,0.352978,0.103383,0.33839,0.184119,0.0,0.0,0.0,0.0,0.0,0.0,0.0,0.0
triunfazo_millos,652,-1,0,0,0,1,1,0,0,0.0,0.0,0.0,0.0,0,0,0,0.0,left,0.0,0.0,0,0.0,,0.66116,0.681904,0.043466,0.193894,0.0,0.0,0.0,0.0,0.0,0.0,0.0,0.0,0.0
triunfazo_millos,655,1,0,0,0,8,8,0,0,0.0,0.0,0.0,0.0,0,0,0,0.0,left,0.0,0.0,0,0.0,,0.710626,0.315476,0.093925,0.323866,0.184119,0.0,0.0,0.0,0.0,0.0,0.0,0.0,0.0
triunfazo_millos,663,1,0,0,0,13,13,0,0,0.0,0.0,0.0,0.0,0,0,0,0.0,left,0.0,0.0,0,0.0,,0.511283,0.293207,0.093498,0.301737,0.184119,0.0,0.0,0.0,0.0,0.0,0.0,0.0,0.0
triunfazo_millos,664,1,0,0,0,9,9,0,0,0.0,0.0,0.0,0.0,0,0,0,0.0,left,0.0,0.0,0,0.0,,0.477697,0.37623,0.083536,0.297401,0.184119,0.0,0.0,0.0,0.0,0.0,0.0,0.0,0.0
triunfazo_millos,665,-1,0,0,0,6,6,0,0,0.0,0.0,0.0,0.0,0,0,0,0.0,left,0.0,0.0,0,0.0,,0.569392,0.245417,0.075102,0.30738,0.0,0.0,0.0,0.0,0.0,0.0,0.0,0.0,0.0
triunfazo_millos,666,1,0,0,0,12,12,4,0,0.333333,0.0,0.0,0.0,0,0,0,0.0,left,0.0,0.0,0,0.0,,0.302323,0.260678,0.068847,0.318115,0.184119,0.0,0.0,0.0,0.0,0.0,0.0,0.0,0.0
triunfazo_millos,670,-1,0,0,0,3,3,0,0,0.0,0.0,0.0,0.0,0,0,0,0.0,left,0.0,0.0,0,0.0,,0.605497,0.698969,0.075778,0.301085,0.0,0.0,0.0,0.0,0.0,0.0,0.0,0.0,0.0
triunfazo_millos,678,-1,0,0,0,6,6,0,0,0.0,0.0,0.0,0.0,0,0,0,0.0,left,0.0,0.0,0,0.0,,0.353584,0.249842,0.068639,0.296082,0.0,0.0,0.0,0.0,0.0,0.0,0.0,0.0,0.0
triunfazo_millos,703,-1,0,0,0,5,5,5,0,1.0,0.0,0.0,0.0,0,0,0,0.0,left,0.0,0.0,0,0.0,,0.070407,0.383656,0.100928,0.322925,0.0,0.0,0.0,0.0,0.0,0.0,0.0,0.0,0.0
triunfazo_millos,781,-1,0,0,0,2,2,0,0,0.0,0.0,0.0,0.0,0,0,0,0.0,left,0.0,0.0,0,0.0,,0.496236,0.611352,0.052085,0.084327,0.0,0.0,0.0,0.0,0.0,0.0,0.0,0.0,0.0
triunfazo_millos,792,-1,0,0,0,2,2,0,0,0.0,0.0,0.0,0.0,0,0,0,0.0,left,0.0,0.0,0,0.0,,0.432904,0.269999,0.069549,0.297165,0.0,0.0,0.0,0.0,0.0,0.0,0.0,0.0,0.0
triunfazo_millos,793,-1,0,0,0,2,2,0,0,0.0,0.0,0.0,0.0,0,0,0,0.0,left,0.0,0.0,0,0.0,,0.781897,0.208392,0.06122,0.21104,0.0,0.0,0.0,0.0,0.0,0.0,0.0,0.0,0.0
triunfazo_millos,799,-1,0,0,0,3,3,0,2,0.666667,0.0,0.0,0.0,0,0,0,0.0,right,0.0,0.0,0,0.0,,0.916082,0.30155,0.075546,0.274557,0.0,0.0,0.0,0.0,0.0,0.0,0.0,0.0,0.0
triunfazo_millos,837,-1,0,0,0,1,1,0,0,0.0,0.0,0.0,0.0,0,0,0,0.0,left,0.0,0.0,0,0.0,,0.472906,0.356283,0.06723,0.29209,0.0,0.0,0.0,0.0,0.0,0.0,0.0,0.0,0.0
triunfazo_millos,867,1,0,0,0,22,22,0,7,0.318182,0.0,0.0,0.0,0,0,0,0.0,right,0.0,0.0,0,0.0,,0.850879,0.559116,0.05082,0.106929,0.184119,0.0,0.0,0.0,0.0,0.0,0.0,0.0,0.0
triunfazo_millos,871,1,0,0,0,20,20,0,0,0.0,0.0,0.0,0.0,0,0,0,0.0,left,0.0,0.0,0,0.0,,0.525332,0.382816,0.035536,0.06077,0.184119,0.0,0.0,0.0,0.0,0.0,0.0,0.0,0.0
triunfazo_millos,872,0,0,0,0,471,471,0,0,0.0,0.0,0.0,0.0,0,0,0,0.0,left,0.0,0.0,0,0.0,,0.387262,0.439674,0.023012,0.082492,0.179236,0.0,0.0,0.0,0.0,0.0,0.0,0.0,0.0
triunfazo_millos,874,-1,0,0,0,6,6,0,0,0.0,0.0,0.0,0.0,0,0,0,0.0,left,0.0,0.0,0,0.0,,0.336809,0.04085,0.043195,0.078666,0.0,0.0,0.0,0.0,0.0,0.0,0.0,0.0,0.0
triunfazo_millos,875,0,0,0,0,12,12,0,0,0.0,0.0,0.0,0.0,0,0,0,0.0,left,0.0,0.0,0,0.0,,0.274819,0.633103,0.037888,0.217737,0.179236,0.0,0.0,0.0,0.0,0.0,0.0,0.0,0.0
triunfazo_millos,878,1,0,0,0,462,462,0,0,0.0,0.0,0.0,0.0,0,0,0,0.0,left,0.0,0.0,0,0.0,,0.457695,0.502594,0.025052,0.085003,0.184119,0.0,0.0,0.0,0.0,0.0,0.0,0.0,0.0
triunfazo_millos,880,1,0,0,0,464,464,91,0,0.196121,0.0,0.0,0.0,0,0,0,0.0,left,0.0,0.0,0,0.0,,0.276699,0.652004,0.03042,0.099382,0.184119,0.0,0.0,0.0,0.0,0.0,0.0,0.0,0.0
triunfazo_millos,881,1,0,0,0,464,464,0,0,0.0,0.0,0.0,0.0,0,0,0,0.0,left,0.0,0.0,0,0.0,,0.639153,0.417169,0.020495,0.081511,0.184119,0.0,0.0,0.0,0.0,0.0,0.0,0.0,0.0
triunfazo_millos,882,0,0,0,0,132,132,0,15,0.113636,0.0,0.0,0.0,0,0,0,0.0,right,0.0,0.0,0,0.0,,0.752034,0.357371,0.01938,0.078048,0.179236,0.0,0.0,0.0,0.0,0.0,0.0,0.0,0.0
triunfazo_millos,883,0,0,0,0,464,464,0,84,0.181034,0.0,0.0,0.0,0,0,0,0.0,right,0.0,0.0,0,0.0,,0.684733,0.398608,0.019539,0.080971,0.179236,0.0,0.0,0.0,0.0,0.0,0.0,0.0,0.0
triunfazo_millos,884,0,0,0,0,464,464,0,0,0.0,0.0,0.0,0.0,0,0,0,0.0,left,0.0,0.0,0,0.0,,0.677293,0.627154,0.024673,0.091543,0.179236,0.0,0.0,0.0,0.0,0.0,0.0,0.0,0.0
triunfazo_millos,885,0,0,0,0,464,464,0,0,0.0,0.0,0.0,0.0,0,0,0,0.0,left,0.0,0.0,0,0.0,,0.531087,0.460914,0.021206,0.081378,0.179236,0.0,0.0,0.0,0.0,0.0,0.0,0.0,0.0
triunfazo_millos,886,0,0,0,0,34,34,34,0,1.0,0.0,0.0,0.0,0,0,0,0.0,left,0.0,0.0,0,0.0,,0.030784,0.962768,0.03128,0.072302,0.179236,0.0,0.0,0.0,0.0,0.0,0.0,0.0,0.0
triunfazo_millos,887,0,0,0,0,103,90,0,103,1.0,0.0,0.0,0.0,0,0,0,0.0,right,0.0,0.0,0,0.0,,0.974838,0.428,0.019009,0.083678,0.179236,0.0,0.0,0.0,0.0,0.0,0.0,0.0,0.0
triunfazo_millos,888,0,0,0,0,461,461,0,0,0.0,0.0,0.0,0.0,0,0,0,0.0,left,0.0,0.0,0,0.0,,0.52667,0.512371,0.022554,0.08602,0.179236,0.0,0.0,0.0,0.0,0.0,0.0,0.0,0.0
triunfazo_millos,889,0,0,0,0,328,328,34,0,0.103659,0.0,0.0,0.0,0,0,0,0.0,left,0.0,0.0,0,0.0,,0.24792,0.546811,0.027359,0.084952,0.179236,0.0,0.0,0.0,0.0,0.0,0.0,0.0,0.0
triunfazo_millos,890,1,0,0,0,115,115,0,11,0.095652,0.0,0.0,0.0,0,0,0,0.0,right,0.0,0.0,0,0.0,,0.814749,0.286883,0.020948,0.068059,0.184119,0.0,0.0,0.0,0.0,0.0,0.0,0.0,0.0
triunfazo_millos,891,1,0,0,0,337,337,0,0,0.0,0.0,0.0,0.0,0,0,0,0.0,left,0.0,0.0,0,0.0,,0.56984,0.337011,0.019709,0.072337,0.184119,0.0,0.0,0.0,0.0,0.0,0.0,0.0,0.0
triunfazo_millos,892,1,0,0,0,462,462,0,0,0.0,0.0,0.0,0.0,0,0,0,0.0,left,0.0,0.0,0,0.0,,0.449151,0.472392,0.022964,0.088516,0.184119,0.0,0.0,0.0,0.0,0.0,0.0,0.0,0.0
triunfazo_millos,893,0,0,0,0,460,460,0,0,0.0,0.0,0.0,0.0,0,0,0,0.0,left,0.0,0.0,0,0.0,,0.437759,0.403402,0.026219,0.068401,0.179236,0.0,0.0,0.0,0.0,0.0,0.0,0.0,0.0
triunfazo_millos,894,0,0,0,0,136,136,0,17,0.125,0.0,0.0,0.0,0,0,0,0.0,right,0.0,0.0,0,0.0,,0.683843,0.259609,0.016507,0.06007,0.179236,0.0,0.0,0.0,0.0,0.0,0.0,0.0,0.0
triunfazo_millos,895,0,0,0,0,455,455,0,21,0.046154,0.0,0.0,0.0,0,0,0,0.0,right,0.0,0.0,0,0.0,,0.546977,0.33636,0.018986,0.067669,0.179236,0.0,0.0,0.0,0.0,0.0,0.0,0.0,0.0
triunfazo_millos,896,1,0,0,0,131,131,0,15,0.114504,0.0,0.0,0.0,0,0,0,0.0,right,0.0,0.0,0,0.0,,0.73681,0.232774,0.017225,0.056941,0.184119,0.0,0.0,0.0,0.0,0.0,0.0,0.0,0.0
triunfazo_millos,898,-1,0,1,0,13,13,0,0,0.0,0.0,0.0,0.0,0,0,0,0.0,left,0.0,0.0,0,0.0,,0.449537,0.189797,0.014603,0.051127,0.0,0.0,0.0,0.0,0.0,0.0,0.0,0.0,0.0
triunfazo_millos,900,1,0,0,0,83,83,0,0,0.0,0.0,0.0,0.0,0,0,0,0.0,left,0.0,0.0,0,0.0,,0.443413,0.18802,0.013895,0.049039,0.184119,0.0,0.0,0.0,0.0,0.0,0.0,0.0,0.0
triunfazo_millos,901,1,0,0,0,23,18,0,23,1.0,0.0,0.0,0.0,0,0,0,0.0,right,0.0,0.0,0,0.0,,0.988607,0.651726,0.021804,0.109376,0.184119,0.0,0.0,0.0,0.0,0.0,0.0,0.0,0.0
triunfazo_millos,908,0,0,0,0,17,17,9,0,0.529412,0.0,0.0,0.0,0,0,0,0.0,left,0.0,0.0,0,0.0,,0.119836,0.38702,0.02985,0.077557,0.179236,0.0,0.0,0.0,0.0,0.0,0.0,0.0,0.0
triunfazo_millos,938,-2,0,0,0,46,46,0,0,0.0,0.0,0.0,0.0,0,0,0,0.0,left,0.0,0.0,0,0.0,,0.785144,0.207613,0.013008,0.044196,0.0,0.0,0.0,0.0,0.0,0.0,0.0,0.0,0.0
triunfazo_millos,940,-1,0,0,0,7,7,0,0,0.0,0.0,0.0,0.0,0,0,0,0.0,left,0.0,0.0,0,0.0,,0.333849,0.932737,0.03298,0.130437,0.0,0.0,0.0,0.0,0.0,0.0,0.0,0.0,0.0
triunfazo_millos,955,0,0,0,0,305,305,31,0,0.101639,0.0,0.0,0.0,0,0,0,0.0,left,0.0,0.0,0,0.0,,0.162992,0.219147,0.014292,0.054632,0.179236,0.0,0.0,0.0,0.0,0.0,0.0,0.0,0.0
triunfazo_millos,962,-1,0,0,0,1,1,0,0,0.0,0.0,0.0,0.0,0,0,0,0.0,left,0.0,0.0,0,0.0,,0.246827,0.193701,0.014013,0.052372,0.0,0.0,0.0,0.0,0.0,0.0,0.0,0.0,0.0
triunfazo_millos,963,-1,0,0,0,1,1,0,0,0.0,0.0,0.0,0.0,0,0,0,0.0,left,0.0,0.0,0,0.0,,0.344478,0.40534,0.022396,0.076405,0.0,0.0,0.0,0.0,0.0,0.0,0.0,0.0,0.0
triunfazo_millos,964,0,0,0,0,271,271,271,0,1.0,0.0,0.0,0.0,0,0,0,0.0,left,0.0,0.0,0,0.0,,0.077597,0.236945,0.014585,0.057229,0.179236,0.0,0.0,0.0,0.0,0.0,0.0,0.0,0.0
triunfazo_millos,970,0,0,0,0,285,285,0,0,0.0,0.0,0.0,0.0,0,0,0,0.0,left,0.0,0.0,0,0.0,,0.263741,0.195707,0.014133,0.053043,0.179236,0.0,0.0,0.0,0.0,0.0,0.0,0.0,0.0
triunfazo_millos,971,-1,0,0,0,6,6,0,0,0.0,0.0,0.0,0.0,0,0,0,0.0,left,0.0,0.0,0,0.0,,0.355997,0.397541,0.020708,0.075835,0.0,0.0,0.0,0.0,0.0,0.0,0.0,0.0,0.0
triunfazo_millos,972,1,0,0,0,33,33,0,0,0.0,0.0,0.0,0.0,0,0,0,0.0,left,0.0,0.0,0,0.0,,0.160637,0.204253,0.014553,0.056227,0.184119,0.0,0.0,0.0,0.0,0.0,0.0,0.0,0.0
triunfazo_millos,973,-2,0,0,0,140,140,0,0,0.0,0.0,0.0,0.0,0,0,0,0.0,left,0.0,0.0,0,0.0,,0.779282,0.214337,0.013688,0.04625,0.0,0.0,0.0,0.0,0.0,0.0,0.0,0.0,0.0
triunfazo_millos,974,1,0,0,0,20,20,0,0,0.0,0.0,0.0,0.0,0,0,0,0.0,left,0.0,0.0,0,0.0,,0.32335,0.179521,0.012558,0.0507,0.184119,0.0,0.0,0.0,0.0,0.0,0.0,0.0,0.0
triunfazo_millos,977,-1,0,0,0,3,3,3,0,1.0,0.0,0.0,0.0,0,0,0,0.0,left,0.0,0.0,0,0.0,,0.00536,0.472939,0.010199,0.06799,0.0,0.0,0.0,0.0,0.0,0.0,0.0,0.0,0.0
triunfazo_millos,979,-1,0,0,0,7,7,0,0,0.0,0.0,0.0,0.0,0,0,0,0.0,left,0.0,0.0,0,0.0,,0.209318,0.196787,0.014493,0.053242,0.0,0.0,0.0,0.0,0.0,0.0,0.0,0.0,0.0
triunfazo_millos,981,1,0,0,0,11,11,11,0,1.0,0.0,0.0,0.0,0,0,0,0.0,left,0.0,0.0,0,0.0,,0.072837,0.212155,0.014436,0.052977,0.184119,0.0,0.0,0.0,0.0,0.0,0.0,0.0,0.0
triunfazo_millos,982,1,0,0,0,8,8,0,0,0.0,0.0,0.0,0.0,0,0,0,0.0,left,0.0,0.0,0,0.0,,0.206685,0.197197,0.013889,0.053836,0.184119,0.0,0.0,0.0,0.0,0.0,0.0,0.0,0.0
triunfazo_millos,983,1,0,0,0,168,168,146,0,0.869048,0.0,0.0,0.0,0,0,0,0.0,left,0.0,0.0,0,0.0,,0.134438,0.203184,0.014452,0.056852,0.184119,0.0,0.0,0.0,0.0,0.0,0.0,0.0,0.0
triunfazo_millos,984,1,0,0,0,132,132,0,0,0.0,0.0,0.0,0.0,0,0,0,0.0,left,0.0,0.0,0,0.0,,0.295454,0.182875,0.012284,0.05212,0.184119,0.0,0.0,0.0,0.0,0.0,0.0,0.0,0.0
triunfazo_millos,985,0,0,0,0,175,173,0,166,0.948571,0.0,0.0,0.0,0,0,0,0.0,right,0.0,0.0,0,0.0,,0.936118,0.357261,0.018154,0.069587,0.179236,0.0,0.0,0.0,0.0,0.0,0.0,0.0,0.0
triunfazo_millos,986,1,0,0,0,155,151,0,127,0.819355,0.0,0.0,0.0,0,0,0,0.0,right,0.0,0.0,0,0.0,,0.918872,0.305932,0.017206,0.069874,0.184119,0.0,0.0,0.0,0.0,0.0,0.0,0.0,0.0
triunfazo_millos,988,0,0,0,0,145,143,0,101,0.696552,0.0,0.0,0.0,0,0,0,0.0,right,0.0,0.0,0,0.0,,0.904256,0.499578,0.02202,0.089999,0.179236,0.0,0.0,0.0,0.0,0.0,0.0,0.0,0.0
triunfazo_millos,990,-2,0,0,0,72,72,0,0,0.0,0.0,0.0,0.0,0,0,0,0.0,left,0.0,0.0,0,0.0,,0.680326,0.208826,0.013125,0.044726,0.0,0.0,0.0,0.0,0.0,0.0,0.0,0.0,0.0
triunfazo_millos,993,1,0,0,0,14,14,0,0,0.0,0.0,0.0,0.0,0,0,0,0.0,left,0.0,0.0,0,0.0,,0.202322,0.195158,0.014014,0.05463,0.184119,0.0,0.0,0.0,0.0,0.0,0.0,0.0,0.0
triunfazo_millos,995,0,0,0,0,424,421,0,0,0.0,0.0,0.0,0.0,0,0,0,0.0,left,0.0,0.0,0,0.0,,0.435364,0.429155,0.026576,0.072275,0.179236,0.0,0.0,0.0,0.0,0.0,0.0,0.0,0.0
triunfazo_millos,996,0,0,0,0,110,110,0,0,0.0,0.0,0.0,0.0,0,0,0,0.0,left,0.0,0.0,0,0.0,,0.39569,0.378089,0.018829,0.066153,0.179236,0.0,0.0,0.0,0.0,0.0,0.0,0.0,0.0
triunfazo_millos,997,1,0,0,0,425,423,0,0,0.0,0.0,0.0,0.0,0,0,0,0.0,left,0.0,0.0,0,0.0,,0.495502,0.453068,0.026521,0.084159,0.184119,0.0,0.0,0.0,0.0,0.0,0.0,0.0,0.0
triunfazo_millos,998,-1,0,0,0,2,1,0,0,0.0,0.0,0.0,0.0,0,0,0,0.0,left,0.0,0.0,0,0.0,,0.384978,0.234679,0.013397,0.061062,0.0,0.0,0.0,0.0,0.0,0.0,0.0,0.0,0.0
triunfazo_millos,1000,1,0,0,0,39,39,0,0,0.0,0.0,0.0,0.0,0,0,0,0.0,left,0.0,0.0,0,0.0,,0.190941,0.200227,0.01441,0.056476,0.184119,0.0,0.0,0.0,0.0,0.0,0.0,0.0,0.0
triunfazo_millos,1001,0,0,0,0,37,37,0,0,0.0,0.0,0.0,0.0,0,0,0,0.0,left,0.0,0.0,0,0.0,,0.518625,0.964547,0.027521,0.06972,0.179236,0.0,0.0,0.0,0.0,0.0,0.0,0.0,0.0
triunfazo_millos,1003,-2,0,0,0,17,17,0,0,0.0,0.0,0.0,0.0,0,0,0,0.0,left,0.0,0.0,0,0.0,,0.600412,0.225333,0.013313,0.045794,0.0,0.0,0.0,0.0,0.0,0.0,0.0,0.0,0.0
triunfazo_millos,1004,1,0,0,0,15,15,0,15,1.0,0.0,0.0,0.0,0,0,0,0.0,right,0.0,0.0,0,0.0,,0.991058,0.717537,0.016748,0.109745,0.184119,0.0,0.0,0.0,0.0,0.0,0.0,0.0,0.0
triunfazo_millos,1005,1,0,0,0,13,13,13,0,1.0,0.0,0.0,0.0,0,0,0,0.0,left,0.0,0.0,0,0.0,,0.103459,0.235079,0.014293,0.059348,0.184119,0.0,0.0,0.0,0.0,0.0,0.0,0.0,0.0
triunfazo_millos,1015,0,0,0,0,13,13,0,0,0.0,0.0,0.0,0.0,0,0,0,0.0,left,0.0,0.0,0,0.0,,0.461277,0.517351,0.097734,0.332282,0.179236,0.0,0.0,0.0,0.0,0.0,0.0,0.0,0.0
triunfazo_millos,1016,-1,0,0,0,6,6,0,0,0.0,0.0,0.0,0.0,0,0,0,0.0,left,0.0,0.0,0,0.0,,0.556539,0.571795,0.059054,0.297522,0.0,0.0,0.0,0.0,0.0,0.0,0.0,0.0,0.0
triunfazo_millos,1019,-1,0,0,0,2,2,0,0,0.0,0.0,0.0,0.0,0,0,0,0.0,left,0.0,0.0,0,0.0,,0.568995,0.535471,0.065341,0.281204,0.0,0.0,0.0,0.0,0.0,0.0,0.0,0.0,0.0
triunfazo_millos,1021,-1,0,0,0,6,6,0,0,0.0,0.0,0.0,0.0,0,0,0,0.0,left,0.0,0.0,0,0.0,,0.505392,0.261818,0.071972,0.269643,0.0,0.0,0.0,0.0,0.0,0.0,0.0,0.0,0.0
triunfazo_millos,1025,1,0,0,0,326,324,0,20,0.06135,0.0,0.0,0.0,0,0,0,0.0,right,0.0,0.0,0,0.0,,0.608829,0.484861,0.028283,0.090039,0.184119,0.0,0.0,0.0,0.0,0.0,0.0,0.0,0.0
triunfazo_millos,1026,0,0,0,0,99,99,0,17,0.171717,0.0,0.0,0.0,0,0,0,0.0,right,0.0,0.0,0,0.0,,0.705008,0.315336,0.017459,0.067839,0.179236,0.0,0.0,0.0,0.0,0.0,0.0,0.0,0.0
triunfazo_millos,1027,1,0,0,0,326,324,0,0,0.0,0.0,0.0,0.0,0,0,0,0.0,left,0.0,0.0,0,0.0,,0.514301,0.663917,0.033081,0.111356,0.184119,0.0,0.0,0.0,0.0,0.0,0.0,0.0,0.0
triunfazo_millos,1028,0,0,0,0,302,302,0,203,0.672185,0.0,0.0,0.0,0,0,0,0.0,right,0.0,0.0,0,0.0,,0.817723,0.25261,0.016004,0.065411,0.179236,0.0,0.0,0.0,0.0,0.0,0.0,0.0,0.0
triunfazo_millos,1029,1,0,0,0,327,324,0,42,0.12844,0.0,0.0,0.0,0,0,0,0.0,right,0.0,0.0,0,0.0,,0.687435,0.370372,0.020036,0.08422,0.184119,0.0,0.0,0.0,0.0,0.0,0.0,0.0,0.0
triunfazo_millos,1030,1,0,0,0,266,266,0,0,0.0,0.0,0.0,0.0,0,0,0,0.0,left,0.0,0.0,0,0.0,,0.523394,0.306217,0.020404,0.074542,0.184119,0.0,0.0,0.0,0.0,0.0,0.0,0.0,0.0
triunfazo_millos,1031,1,0,0,0,68,68,0,19,0.279412,0.0,0.0,0.0,0,0,0,0.0,right,0.0,0.0,0,0.0,,0.85308,0.255733,0.014113,0.059614,0.184119,0.0,0.0,0.0,0.0,0.0,0.0,0.0,0.0
triunfazo_millos,1032,0,0,0,0,323,322,0,0,0.0,0.0,0.0,0.0,0,0,0,0.0,left,0.0,0.0,0,0.0,,0.469132,0.377596,0.025844,0.076876,0.179236,0.0,0.0,0.0,0.0,0.0,0.0,0.0,0.0
triunfazo_millos,1033,0,0,0,0,326,322,0,0,0.0,0.0,0.0,0.0,0,0,0,0.0,left,0.0,0.0,0,0.0,,0.627845,0.44225,0.021713,0.084174,0.179236,0.0,0.0,0.0,0.0,0.0,0.0,0.0,0.0
triunfazo_millos,1034,1,0,0,0,326,326,0,186,0.570552,0.0,0.0,0.0,0,0,0,0.0,right,0.0,0.0,0,0.0,,0.804039,0.212933,0.01536,0.061922,0.184119,0.0,0.0,0.0,0.0,0.0,0.0,0.0,0.0
triunfazo_millos,1035,0,0,0,0,326,322,0,41,0.125767,0.0,0.0,0.0,0,0,0,0.0,right,0.0,0.0,0,0.0,,0.7125,0.346115,0.018415,0.081434,0.179236,0.0,0.0,0.0,0.0,0.0,0.0,0.0,0.0
triunfazo_millos,1036,1,0,0,0,86,86,0,13,0.151163,0.0,0.0,0.0,0,0,0,0.0,right,0.0,0.0,0,0.0,,0.706921,0.268722,0.016671,0.061766,0.184119,0.0,0.0,0.0,0.0,0.0,0.0,0.0,0.0
triunfazo_millos,1037,0,0,0,0,271,271,0,0,0.0,0.0,0.0,0.0,0,0,0,0.0,left,0.0,0.0,0,0.0,,0.397745,0.558134,0.030731,0.088929,0.179236,0.0,0.0,0.0,0.0,0.0,0.0,0.0,0.0
triunfazo_millos,1038,0,0,0,0,325,323,0,0,0.0,0.0,0.0,0.0,0,0,0,0.0,left,0.0,0.0,0,0.0,,0.700272,0.506678,0.023462,0.092256,0.179236,0.0,0.0,0.0,0.0,0.0,0.0,0.0,0.0
triunfazo_millos,1039,0,0,0,0,33,33,0,33,1.0,0.0,0.0,0.0,0,0,0,0.0,right,0.0,0.0,0,0.0,,0.881645,0.361945,0.016012,0.07058,0.179236,0.0,0.0,0.0,0.0,0.0,0.0,0.0,0.0
triunfazo_millos,1040,0,0,0,0,323,321,0,0,0.0,0.0,0.0,0.0,0,0,0,0.0,left,0.0,0.0,0,0.0,,0.533137,0.306161,0.019242,0.070714,0.179236,0.0,0.0,0.0,0.0,0.0,0.0,0.0,0.0
triunfazo_millos,1041,-2,0,0,0,57,57,0,0,0.0,0.0,0.0,0.0,0,0,0,0.0,left,0.0,0.0,0,0.0,,0.253217,0.219393,0.012016,0.04498,0.0,0.0,0.0,0.0,0.0,0.0,0.0,0.0,0.0
triunfazo_millos,1042,0,0,0,0,104,104,0,23,0.221154,0.0,0.0,0.0,0,0,0,0.0,right,0.0,0.0,0,0.0,,0.768061,0.491738,0.021251,0.07813,0.179236,0.0,0.0,0.0,0.0,0.0,0.0,0.0,0.0
triunfazo_millos,1043,-2,0,0,0,16,16,0,0,0.0,0.0,0.0,0.0,0,0,0,0.0,left,0.0,0.0,0,0.0,,0.828907,0.248761,0.010932,0.052761,0.0,0.0,0.0,0.0,0.0,0.0,0.0,0.0,0.0
triunfazo_millos,1045,-1,0,0,0,6,6,0,6,1.0,0.0,0.0,0.0,0,0,0,0.0,right,0.0,0.0,0,0.0,,0.876935,0.361831,0.014802,0.070968,0.0,0.0,0.0,0.0,0.0,0.0,0.0,0.0,0.0
triunfazo_millos,1046,0,0,0,0,9,9,0,0,0.0,0.0,0.0,0.0,0,0,0,0.0,left,0.0,0.0,0,0.0,,0.85244,0.203925,0.011271,0.041576,0.179236,0.0,0.0,0.0,0.0,0.0,0.0,0.0,0.0
triunfazo_millos,1047,0,0,0,0,35,35,0,35,1.0,0.0,0.0,0.0,0,0,0,0.0,right,0.0,0.0,0,0.0,,0.909041,0.364879,0.016347,0.071898,0.179236,0.0,0.0,0.0,0.0,0.0,0.0,0.0,0.0
triunfazo_millos,1051,0,1,0,1,71,71,34,0,0.478873,0.582573,0.582573,0.0,0,0,0,0.0,left,0.0,0.0,0,0.052397,fused_class_seeded,0.154363,0.408964,0.026729,0.083544,0.179236,0.684191,0.692417,0.589335,0.410665,0.0,0.0,0.582573,0.524562
triunfazo_millos,1069,-1,0,0,0,1,1,0,0,0.0,0.0,0.0,0.0,0,0,0,0.0,left,0.0,0.0,0,0.0,,0.354314,0.172633,0.013349,0.044601,0.0,0.0,0.0,0.0,0.0,0.0,0.0,0.0,0.0
triunfazo_millos,1070,-2,0,0,0,44,44,0,0,0.0,0.0,0.0,0.0,0,0,0,0.0,left,0.0,0.0,0,0.0,,0.482651,0.155632,0.012623,0.04521,0.0,0.0,0.0,0.0,0.0,0.0,0.0,0.0,0.0
triunfazo_millos,1074,-1,0,0,0,1,1,0,1,1.0,0.0,0.0,0.0,0,0,0,0.0,right,0.0,0.0,0,0.0,,0.874474,0.957529,0.030382,0.084042,0.0,0.0,0.0,0.0,0.0,0.0,0.0,0.0,0.0
triunfazo_millos,1077,-1,0,0,0,1,1,0,1,1.0,0.0,0.0,0.0,0,0,0,0.0,right,0.0,0.0,0,0.0,,0.901103,0.958968,0.031155,0.0807,0.0,0.0,0.0,0.0,0.0,0.0,0.0,0.0,0.0
triunfazo_millos,1080,-1,0,0,0,7,7,0,7,1.0,0.0,0.0,0.0,0,0,0,0.0,right,0.0,0.0,0,0.0,,0.963767,0.96364,0.027086,0.072407,0.0,0.0,0.0,0.0,0.0,0.0,0.0,0.0,0.0
triunfazo_millos,1082,-2,0,0,0,197,197,0,0,0.0,0.0,0.0,0.0,0,0,0,0.0,left,0.0,0.0,0,0.0,,0.562337,0.15034,0.013102,0.048456,0.0,0.0,0.0,0.0,0.0,0.0,0.0,0.0,0.0
triunfazo_millos,1086,1,0,0,0,32,32,32,0,1.0,0.0,0.0,0.0,0,0,0,0.0,left,0.0,0.0,0,0.0,,0.040066,0.140317,0.015266,0.05769,0.184119,0.0,0.0,0.0,0.0,0.0,0.0,0.0,0.0
triunfazo_millos,1087,1,0,0,0,33,33,33,0,1.0,0.0,0.0,0.0,0,0,0,0.0,left,0.0,0.0,0,0.0,,0.014652,0.151884,0.015603,0.063838,0.184119,0.0,0.0,0.0,0.0,0.0,0.0,0.0,0.0
triunfazo_millos,1093,0,0,0,0,84,84,0,0,0.0,0.0,0.0,0.0,0,0,0,0.0,left,0.0,0.0,0,0.0,,0.276483,0.379103,0.024903,0.068093,0.179236,0.0,0.0,0.0,0.0,0.0,0.0,0.0,0.0
triunfazo_millos,1097,-1,0,0,0,2,2,0,2,1.0,0.0,0.0,0.0,0,0,0,0.0,right,0.0,0.0,0,0.0,,0.93859,0.237395,0.017057,0.061819,0.0,0.0,0.0,0.0,0.0,0.0,0.0,0.0,0.0
triunfazo_millos,1098,0,0,0,0,85,85,0,85,1.0,0.0,0.0,0.0,0,0,0,0.0,right,0.0,0.0,0,0.0,,0.967408,0.664887,0.024128,0.110109,0.179236,0.0,0.0,0.0,0.0,0.0,0.0,0.0,0.0
triunfazo_millos,1101,-1,0,0,0,7,7,7,0,1.0,0.0,0.0,0.0,0,0,0,0.0,left,0.0,0.0,0,0.0,,0.004762,0.155337,0.008931,0.059832,0.0,0.0,0.0,0.0,0.0,0.0,0.0,0.0,0.0
triunfazo_millos,1104,1,0,0,0,66,66,66,0,1.0,0.0,0.0,0.0,0,0,0,0.0,left,0.0,0.0,0,0.0,,0.030524,0.168632,0.016167,0.066251,0.184119,0.0,0.0,0.0,0.0,0.0,0.0,0.0,0.0
triunfazo_millos,1107,1,0,0,0,27,27,0,0,0.0,0.0,0.0,0.0,0,0,0,0.0,left,0.0,0.0,0,0.0,,0.523775,0.381899,0.026948,0.083257,0.184119,0.0,0.0,0.0,0.0,0.0,0.0,0.0,0.0
triunfazo_millos,1115,1,0,0,0,47,47,0,0,0.0,0.0,0.0,0.0,0,0,0,0.0,left,0.0,0.0,0,0.0,,0.193852,0.133263,0.01268,0.056227,0.184119,0.0,0.0,0.0,0.0,0.0,0.0,0.0,0.0
triunfazo_millos,1116,1,0,0,0,43,43,43,0,1.0,0.0,0.0,0.0,0,0,0,0.0,left,0.0,0.0,0,0.0,,0.06338,0.155231,0.015049,0.060705,0.184119,0.0,0.0,0.0,0.0,0.0,0.0,0.0,0.0
triunfazo_millos,1117,1,0,0,0,41,41,0,0,0.0,0.0,0.0,0.0,0,0,0,0.0,left,0.0,0.0,0,0.0,,0.236697,0.16279,0.011503,0.058501,0.184119,0.0,0.0,0.0,0.0,0.0,0.0,0.0,0.0
triunfazo_millos,1118,0,0,0,0,46,46,0,0,0.0,0.0,0.0,0.0,0,0,0,0.0,left,0.0,0.0,0,0.0,,0.355374,0.42121,0.036806,0.04506,0.179236,0.0,0.0,0.0,0.0,0.0,0.0,0.0,0.0
triunfazo_millos,1124,0,0,0,0,32,28,0,0,0.0,0.0,0.0,0.0,0,0,0,0.0,left,0.0,0.0,0,0.0,,0.491275,0.384562,0.023554,0.089213,0.179236,0.0,0.0,0.0,0.0,0.0,0.0,0.0,0.0
triunfazo_millos,1125,1,0,0,0,16,16,16,0,1.0,0.0,0.0,0.0,0,0,0,0.0,left,0.0,0.0,0,0.0,,0.092845,0.141177,0.013701,0.05873,0.184119,0.0,0.0,0.0,0.0,0.0,0.0,0.0,0.0
triunfazo_millos,1126,-1,0,0,0,1,0,0,1,1.0,0.0,0.0,0.0,0,0,0,0.0,right,0.0,0.0,0,0.0,,0.997575,0.288376,0.004017,0.062818,0.0,0.0,0.0,0.0,0.0,0.0,0.0,0.0,0.0
triunfazo_millos,1127,-2,0,0,0,14,14,0,0,0.0,0.0,0.0,0.0,0,0,0,0.0,left,0.0,0.0,0,0.0,,0.237164,0.212783,0.016995,0.07841,0.0,0.0,0.0,0.0,0.0,0.0,0.0,0.0,0.0
triunfazo_millos,1129,0,0,0,0,15,15,0,0,0.0,0.0,0.0,0.0,0,0,0,0.0,left,0.0,0.0,0,0.0,,0.44103,0.504262,0.037154,0.059985,0.179236,0.0,0.0,0.0,0.0,0.0,0.0,0.0,0.0
triunfazo_millos,1130,1,0,0,0,203,203,0,22,0.108374,0.0,0.0,0.0,0,0,0,0.0,right,0.0,0.0,0,0.0,,0.781427,0.717509,0.026244,0.099743,0.184119,0.0,0.0,0.0,0.0,0.0,0.0,0.0,0.0
triunfazo_millos,1131,1,0,0,0,454,451,0,62,0.136564,0.0,0.0,0.0,0,0,0,0.0,right,0.0,0.0,0,0.0,,0.699384,0.348283,0.017503,0.061299,0.184119,0.0,0.0,0.0,0.0,0.0,0.0,0.0,0.0
triunfazo_millos,1132,1,0,0,0,466,464,0,152,0.32618,0.0,0.0,0.0,0,0,0,0.0,right,0.0,0.0,0,0.0,,0.734373,0.524334,0.020776,0.079841,0.184119,0.0,0.0,0.0,0.0,0.0,0.0,0.0,0.0
triunfazo_millos,1133,1,0,0,0,194,193,0,23,0.118557,0.0,0.0,0.0,0,0,0,0.0,right,0.0,0.0,0,0.0,,0.811456,0.363765,0.017034,0.067177,0.184119,0.0,0.0,0.0,0.0,0.0,0.0,0.0,0.0
triunfazo_millos,1134,1,0,0,0,141,136,0,87,0.617021,0.0,0.0,0.0,0,0,0,0.0,right,0.0,0.0,0,0.0,,0.878144,0.490685,0.020404,0.082377,0.184119,0.0,0.0,0.0,0.0,0.0,0.0,0.0,0.0
triunfazo_millos,1135,0,0,0,0,236,235,0,27,0.114407,0.0,0.0,0.0,0,0,0,0.0,right,0.0,0.0,0,0.0,,0.64464,0.585176,0.021156,0.082549,0.179236,0.0,0.0,0.0,0.0,0.0,0.0,0.0,0.0
triunfazo_millos,1136,0,0,0,0,233,231,0,26,0.111588,0.0,0.0,0.0,0,0,0,0.0,right,0.0,0.0,0,0.0,,0.5304,0.726379,0.024937,0.086912,0.179236,0.0,0.0,0.0,0.0,0.0,0.0,0.0,0.0
triunfazo_millos,1137,1,0,0,0,451,451,6,0,0.013304,0.0,0.0,0.0,0,0,0,0.0,left,0.0,0.0,0,0.0,,0.496228,0.45065,0.020019,0.069536,0.184119,0.0,0.0,0.0,0.0,0.0,0.0,0.0,0.0
triunfazo_millos,1138,1,0,0,0,448,448,62,0,0.138393,0.0,0.0,0.0,0,0,0,0.0,left,0.0,0.0,0,0.0,,0.372522,0.667269,0.025099,0.088036,0.184119,0.0,0.0,0.0,0.0,0.0,0.0,0.0,0.0
triunfazo_millos,1139,0,0,0,0,226,226,0,24,0.106195,0.0,0.0,0.0,0,0,0,0.0,right,0.0,0.0,0,0.0,,0.679251,0.455968,0.017495,0.069338,0.179236,0.0,0.0,0.0,0.0,0.0,0.0,0.0,0.0
triunfazo_millos,1140,0,0,0,0,451,451,71,0,0.157428,0.0,0.0,0.0,0,0,0,0.0,left,0.0,0.0,0,0.0,,0.397136,0.665242,0.024668,0.088759,0.179236,0.0,0.0,0.0,0.0,0.0,0.0,0.0,0.0
triunfazo_millos,1142,0,0,0,0,450,450,52,0,0.115556,0.0,0.0,0.0,0,0,0,0.0,left,0.0,0.0,0,0.0,,0.412624,0.572369,0.022977,0.080151,0.179236,0.0,0.0,0.0,0.0,0.0,0.0,0.0,0.0
triunfazo_millos,1144,0,0,0,0,449,449,0,0,0.0,0.0,0.0,0.0,0,0,0,0.0,left,0.0,0.0,0,0.0,,0.476798,0.484243,0.020556,0.073528,0.179236,0.0,0.0,0.0,0.0,0.0,0.0,0.0,0.0
triunfazo_millos,1145,0,0,0,0,449,449,0,168,0.374165,0.0,0.0,0.0,0,0,0,0.0,right,0.0,0.0,0,0.0,,0.669032,0.423666,0.017795,0.065656,0.179236,0.0,0.0,0.0,0.0,0.0,0.0,0.0,0.0
triunfazo_millos,1146,-1,0,0,0,2,2,2,0,1.0,0.0,0.0,0.0,0,0,0,0.0,left,0.0,0.0,0,0.0,,0.096797,0.976451,0.026902,0.045455,0.0,0.0,0.0,0.0,0.0,0.0,0.0,0.0,0.0
triunfazo_millos,1147,-2,0,0,0,155,155,53,0,0.341935,0.0,0.0,0.0,0,0,0,0.0,left,0.0,0.0,0,0.0,,0.167686,0.243235,0.012767,0.044782,0.0,0.0,0.0,0.0,0.0,0.0,0.0,0.0,0.0
triunfazo_millos,1150,0,0,0,0,403,403,23,0,0.057072,0.0,0.0,0.0,0,0,0,0.0,left,0.0,0.0,0,0.0,,0.343045,0.667266,0.027315,0.08407,0.179236,0.0,0.0,0.0,0.0,0.0,0.0,0.0,0.0
triunfazo_millos,1152,0,0,0,0,489,489,47,19,0.096115,0.0,0.0,0.0,0,0,0,0.0,left,0.0,0.0,0,0.0,,0.439738,0.400276,0.017522,0.059605,0.179236,0.0,0.0,0.0,0.0,0.0,0.0,0.0,0.0
triunfazo_millos,1153,1,0,0,0,388,388,0,0,0.0,0.0,0.0,0.0,0,0,0,0.0,left,0.0,0.0,0,0.0,,0.274831,0.686614,0.031231,0.088342,0.184119,0.0,0.0,0.0,0.0,0.0,0.0,0.0,0.0
triunfazo_millos,1154,1,0,0,0,401,401,33,0,0.082294,0.0,0.0,0.0,0,0,0,0.0,left,0.0,0.0,0,0.0,,0.443829,0.405481,0.017496,0.0661,0.184119,0.0,0.0,0.0,0.0,0.0,0.0,0.0,0.0
triunfazo_millos,1157,0,0,0,0,195,195,105,0,0.538462,0.0,0.0,0.0,0,0,0,0.0,left,0.0,0.0,0,0.0,,0.18481,0.463198,0.020281,0.071793,0.179236,0.0,0.0,0.0,0.0,0.0,0.0,0.0,0.0
triunfazo_millos,1159,-1,0,0,0,4,4,4,0,1.0,0.0,0.0,0.0,0,0,0,0.0,left,0.0,0.0,0,0.0,,0.028136,0.963839,0.02339,0.072881,0.0,0.0,0.0,0.0,0.0,0.0,0.0,0.0,0.0
triunfazo_millos,1160,1,0,0,0,150,150,98,0,0.653333,0.0,0.0,0.0,0,0,0,0.0,left,0.0,0.0,0,0.0,,0.141564,0.47334,0.02251,0.07247,0.184119,0.0,0.0,0.0,0.0,0.0,0.0,0.0,0.0
triunfazo_millos,1162,-1,0,0,0,2,2,0,0,0.0,0.0,0.0,0.0,0,0,0,0.0,left,0.0,0.0,0,0.0,,0.626807,0.978917,0.026423,0.041754,0.0,0.0,0.0,0.0,0.0,0.0,0.0,0.0,0.0
triunfazo_millos,1167,-1,0,0,0,4,0,4,0,1.0,0.0,0.0,0.0,0,0,0,0.0,left,0.0,0.0,0,0.0,,0.003728,0.536088,0.006381,0.017899,0.0,0.0,0.0,0.0,0.0,0.0,0.0,0.0,0.0
triunfazo_millos,1171,1,0,0,0,360,339,125,0,0.347222,0.0,0.0,0.0,0,0,0,0.0,left,0.0,0.0,0,0.0,,0.160392,0.604801,0.024459,0.083458,0.184119,0.0,0.0,0.0,0.0,0.0,0.0,0.0,0.0
triunfazo_millos,1172,-1,0,0,0,3,3,0,0,0.0,0.0,0.0,0.0,0,0,0,0.0,left,0.0,0.0,0,0.0,,0.213508,0.251378,0.010573,0.043626,0.0,0.0,0.0,0.0,0.0,0.0,0.0,0.0,0.0
triunfazo_millos,1191,-1,0,0,0,1,1,0,0,0.0,0.0,0.0,0.0,0,0,0,0.0,left,0.0,0.0,0,0.0,,0.403362,0.288197,0.011585,0.036982,0.0,0.0,0.0,0.0,0.0,0.0,0.0,0.0,0.0
triunfazo_millos,1221,-2,0,0,0,32,32,0,0,0.0,0.0,0.0,0.0,0,0,0,0.0,left,0.0,0.0,0,0.0,,0.560536,0.305587,0.011549,0.034624,0.0,0.0,0.0,0.0,0.0,0.0,0.0,0.0,0.0
triunfazo_millos,1223,-1,0,0,0,1,1,1,0,1.0,0.0,0.0,0.0,0,0,0,0.0,left,0.0,0.0,0,0.0,,0.073777,0.472345,0.019303,0.062928,0.0,0.0,0.0,0.0,0.0,0.0,0.0,0.0,0.0
triunfazo_millos,1226,0,0,0,0,225,225,0,0,0.0,0.0,0.0,0.0,0,0,0,0.0,left,0.0,0.0,0,0.0,,0.362953,0.451085,0.021282,0.073009,0.179236,0.0,0.0,0.0,0.0,0.0,0.0,0.0,0.0
triunfazo_millos,1228,0,0,0,0,108,108,0,0,0.0,0.0,0.0,0.0,0,0,0,0.0,left,0.0,0.0,0,0.0,,0.575223,0.963859,0.02852,0.070443,0.179236,0.0,0.0,0.0,0.0,0.0,0.0,0.0,0.0
triunfazo_millos,1235,-2,0,0,0,96,96,0,0,0.0,0.0,0.0,0.0,0,0,0,0.0,left,0.0,0.0,0,0.0,,0.659838,0.283888,0.012075,0.040909,0.0,0.0,0.0,0.0,0.0,0.0,0.0,0.0,0.0
triunfazo_millos,1241,1,0,0,0,187,187,0,0,0.0,0.0,0.0,0.0,0,0,0,0.0,left,0.0,0.0,0,0.0,,0.341156,0.471175,0.021957,0.077998,0.184119,0.0,0.0,0.0,0.0,0.0,0.0,0.0,0.0
triunfazo_millos,1243,0,0,0,0,15,15,15,0,1.0,0.0,0.0,0.0,0,0,0,0.0,left,0.0,0.0,0,0.0,,0.123252,0.282261,0.013715,0.051887,0.179236,0.0,0.0,0.0,0.0,0.0,0.0,0.0,0.0
triunfazo_millos,1244,0,0,0,0,16,16,0,0,0.0,0.0,0.0,0.0,0,0,0,0.0,left,0.0,0.0,0,0.0,,0.21746,0.257608,0.013422,0.050623,0.179236,0.0,0.0,0.0,0.0,0.0,0.0,0.0,0.0
triunfazo_millos,1245,0,0,0,0,10,10,10,0,1.0,0.0,0.0,0.0,0,0,0,0.0,left,0.0,0.0,0,0.0,,0.039582,0.300652,0.013427,0.05225,0.179236,0.0,0.0,0.0,0.0,0.0,0.0,0.0,0.0
triunfazo_millos,1247,-1,0,0,0,3,0,0,0,0.0,0.0,0.0,0.0,0,0,0,0.0,left,0.0,0.0,0,0.0,,0.295742,0.29933,0.012044,0.04953,0.0,0.0,0.0,0.0,0.0,0.0,0.0,0.0,0.0
triunfazo_millos,1249,-2,0,0,0,33,33,0,0,0.0,0.0,0.0,0.0,0,0,0,0.0,left,0.0,0.0,0,0.0,,0.635626,0.276214,0.012701,0.04268,0.0,0.0,0.0,0.0,0.0,0.0,0.0,0.0,0.0
triunfazo_millos,1254,1,1,0,1,39,39,0,0,0.0,0.734274,0.734274,0.0,0,0,0,0.0,left,0.0,0.0,0,0.214935,fused_class_seeded,0.23803,0.440611,0.022776,0.035192,0.184119,0.77423,0.787126,0.138987,0.861013,0.0,0.0,0.474472,0.734274
triunfazo_millos,1255,1,0,0,0,87,87,0,0,0.0,0.0,0.0,0.0,0,0,0,0.0,left,0.0,0.0,0,0.0,,0.196027,0.229354,0.012299,0.052458,0.184119,0.0,0.0,0.0,0.0,0.0,0.0,0.0,0.0
triunfazo_millos,1256,0,0,0,0,87,87,0,0,0.0,0.0,0.0,0.0,0,0,0,0.0,left,0.0,0.0,0,0.0,,0.158244,0.24356,0.01398,0.054284,0.179236,0.0,0.0,0.0,0.0,0.0,0.0,0.0,0.0
triunfazo_millos,1260,-2,0,0,0,16,16,0,0,0.0,0.0,0.0,0.0,0,0,0,0.0,left,0.0,0.0,0,0.0,,0.658109,0.260294,0.012198,0.046234,0.0,0.0,0.0,0.0,0.0,0.0,0.0,0.0,0.0
triunfazo_millos,1263,-1,0,0,0,7,7,7,0,1.0,0.0,0.0,0.0,0,0,0,0.0,left,0.0,0.0,0,0.0,,0.059935,0.269464,0.013955,0.058412,0.0,0.0,0.0,0.0,0.0,0.0,0.0,0.0,0.0
triunfazo_millos,1264,-1,0,0,0,5,5,0,0,0.0,0.0,0.0,0.0,0,0,0,0.0,left,0.0,0.0,0,0.0,,0.230378,0.229908,0.011221,0.050037,0.0,0.0,0.0,0.0,0.0,0.0,0.0,0.0,0.0
triunfazo_millos,1265,-2,0,0,0,59,59,0,0,0.0,0.0,0.0,0.0,0,0,0,0.0,left,0.0,0.0,0,0.0,,0.614551,0.255662,0.01349,0.047396,0.0,0.0,0.0,0.0,0.0,0.0,0.0,0.0,0.0
triunfazo_millos,1266,0,0,0,0,53,53,53,0,1.0,0.0,0.0,0.0,0,0,0,0.0,left,0.0,0.0,0,0.0,,0.046175,0.269149,0.014066,0.054995,0.179236,0.0,0.0,0.0,0.0,0.0,0.0,0.0,0.0
triunfazo_millos,1268,1,0,0,0,40,40,0,0,0.0,0.0,0.0,0.0,0,0,0,0.0,left,0.0,0.0,0,0.0,,0.216963,0.22936,0.011921,0.052979,0.184119,0.0,0.0,0.0,0.0,0.0,0.0,0.0,0.0
triunfazo_millos,1269,-1,0,0,0,6,6,0,0,0.0,0.0,0.0,0.0,0,0,0,0.0,left,0.0,0.0,0,0.0,,0.320877,0.43577,0.017321,0.084374,0.0,0.0,0.0,0.0,0.0,0.0,0.0,0.0,0.0
triunfazo_millos,1271,-1,0,0,0,3,3,0,0,0.0,0.0,0.0,0.0,0,0,0,0.0,left,0.0,0.0,0,0.0,,0.653686,0.476524,0.017672,0.085426,0.0,0.0,0.0,0.0,0.0,0.0,0.0,0.0,0.0
triunfazo_millos,1274,-1,0,0,0,7,7,7,0,1.0,0.0,0.0,0.0,0,0,0,0.0,left,0.0,0.0,0,0.0,,0.077527,0.758689,0.148812,0.199207,0.0,0.0,0.0,0.0,0.0,0.0,0.0,0.0,0.0
triunfazo_millos,1278,-1,0,0,0,4,4,0,0,0.0,0.0,0.0,0.0,0,0,0,0.0,left,0.0,0.0,0,0.0,,0.392471,0.764983,0.171164,0.236673,0.0,0.0,0.0,0.0,0.0,0.0,0.0,0.0,0.0
triunfazo_millos,1279,0,0,0,0,96,96,0,0,0.0,0.0,0.0,0.0,0,0,0,0.0,left,0.0,0.0,0,0.0,,0.370612,0.779357,0.104852,0.235678,0.179236,0.0,0.0,0.0,0.0,0.0,0.0,0.0,0.0
triunfazo_millos,1296,-1,0,0,0,5,5,0,5,1.0,0.0,0.0,0.0,0,0,0,0.0,right,0.0,0.0,0,0.0,,0.896034,0.840587,0.086543,0.323435,0.0,0.0,0.0,0.0,0.0,0.0,0.0,0.0,0.0
triunfazo_millos,1303,1,0,0,0,19,19,0,19,1.0,0.0,0.0,0.0,0,0,0,0.0,right,0.0,0.0,0,0.0,,0.942256,0.20093,0.096512,0.39096,0.184119,0.0,0.0,0.0,0.0,0.0,0.0,0.0,0.0
triunfazo_millos,1316,0,0,0,0,17,17,0,0,0.0,0.0,0.0,0.0,0,0,0,0.0,left,0.0,0.0,0,0.0,,0.683635,0.422605,0.117331,0.292632,0.179236,0.0,0.0,0.0,0.0,0.0,0.0,0.0,0.0
triunfazo_millos,1328,0,0,0,0,8,8,0,0,0.0,0.0,0.0,0.0,0,0,0,0.0,left,0.0,0.0,0,0.0,,0.44315,0.462511,0.079933,0.30066,0.179236,0.0,0.0,0.0,0.0,0.0,0.0,0.0,0.0
triunfazo_millos,1330,-1,0,0,0,1,1,0,0,0.0,0.0,0.0,0.0,0,0,0,0.0,left,0.0,0.0,0,0.0,,0.58774,0.491244,0.099871,0.352332,0.0,0.0,0.0,0.0,0.0,0.0,0.0,0.0,0.0
triunfazo_millos,1332,-1,0,0,0,6,6,0,0,0.0,0.0,0.0,0.0,0,0,0,0.0,left,0.0,0.0,0,0.0,,0.482796,0.615,0.07896,0.296166,0.0,0.0,0.0,0.0,0.0,0.0,0.0,0.0,0.0
triunfazo_millos,1333,-1,0,0,0,2,2,0,0,0.0,0.0,0.0,0.0,0,0,0,0.0,left,0.0,0.0,0,0.0,,0.586253,0.342892,0.048195,0.324067,0.0,0.0,0.0,0.0,0.0,0.0,0.0,0.0,0.0
triunfazo_millos,1343,1,0,0,0,89,89,0,0,0.0,0.0,0.0,0.0,0,0,0,0.0,left,0.0,0.0,0,0.0,,0.264002,0.44735,0.022297,0.065552,0.184119,0.0,0.0,0.0,0.0,0.0,0.0,0.0,0.0
triunfazo_millos,1344,1,0,0,0,89,89,0,0,0.0,0.0,0.0,0.0,0,0,0,0.0,left,0.0,0.0,0,0.0,,0.690676,0.647688,0.028296,0.081472,0.184119,0.0,0.0,0.0,0.0,0.0,0.0,0.0,0.0
triunfazo_millos,1345,1,0,0,0,89,89,0,0,0.0,0.0,0.0,0.0,0,0,0,0.0,left,0.0,0.0,0,0.0,,0.701778,0.459071,0.019013,0.069585,0.184119,0.0,0.0,0.0,0.0,0.0,0.0,0.0,0.0
triunfazo_millos,1346,1,0,0,0,89,89,0,0,0.0,0.0,0.0,0.0,0,0,0,0.0,left,0.0,0.0,0,0.0,,0.38054,0.399214,0.016491,0.058581,0.184119,0.0,0.0,0.0,0.0,0.0,0.0,0.0,0.0
triunfazo_millos,1347,0,0,0,0,89,89,0,0,0.0,0.0,0.0,0.0,0,0,0,0.0,left,0.0,0.0,0,0.0,,0.660539,0.709979,0.034622,0.087225,0.179236,0.0,0.0,0.0,0.0,0.0,0.0,0.0,0.0
triunfazo_millos,1348,1,0,0,0,35,35,0,35,1.0,0.0,0.0,0.0,0,0,0,0.0,right,0.0,0.0,0,0.0,,0.969665,0.39488,0.015114,0.063735,0.184119,0.0,0.0,0.0,0.0,0.0,0.0,0.0,0.0
triunfazo_millos,1349,0,0,0,0,89,89,0,0,0.0,0.0,0.0,0.0,0,0,0,0.0,left,0.0,0.0,0,0.0,,0.644153,0.634206,0.026106,0.075089,0.179236,0.0,0.0,0.0,0.0,0.0,0.0,0.0,0.0
triunfazo_millos,1351,0,0,0,0,61,61,0,35,0.57377,0.0,0.0,0.0,0,0,0,0.0,right,0.0,0.0,0,0.0,,0.882793,0.590037,0.020906,0.073501,0.179236,0.0,0.0,0.0,0.0,0.0,0.0,0.0,0.0
triunfazo_millos,1352,1,0,0,0,89,89,0,0,0.0,0.0,0.0,0.0,0,0,0,0.0,left,0.0,0.0,0,0.0,,0.29181,0.384385,0.018458,0.057012,0.184119,0.0,0.0,0.0,0.0,0.0,0.0,0.0,0.0
triunfazo_millos,1353,0,0,0,0,89,89,0,0,0.0,0.0,0.0,0.0,0,0,0,0.0,left,0.0,0.0,0,0.0,,0.249238,0.510082,0.02066,0.068846,0.179236,0.0,0.0,0.0,0.0,0.0,0.0,0.0,0.0
triunfazo_millos,1354,1,0,0,0,89,89,0,0,0.0,0.0,0.0,0.0,0,0,0,0.0,left,0.0,0.0,0,0.0,,0.464377,0.287881,0.012895,0.04848,0.184119,0.0,0.0,0.0,0.0,0.0,0.0,0.0,0.0
triunfazo_millos,1355,0,0,0,0,86,86,0,24,0.27907,0.0,0.0,0.0,0,0,0,0.0,right,0.0,0.0,0,0.0,,0.821543,0.48726,0.018552,0.073083,0.179236,0.0,0.0,0.0,0.0,0.0,0.0,0.0,0.0
triunfazo_millos,1356,0,0,0,0,88,88,0,0,0.0,0.0,0.0,0.0,0,0,0,0.0,left,0.0,0.0,0,0.0,,0.54354,0.516588,0.020382,0.070569,0.179236,0.0,0.0,0.0,0.0,0.0,0.0,0.0,0.0
triunfazo_millos,1357,0,0,0,0,88,88,0,0,0.0,0.0,0.0,0.0,0,0,0,0.0,left,0.0,0.0,0,0.0,,0.510779,0.355077,0.01376,0.053598,0.179236,0.0,0.0,0.0,0.0,0.0,0.0,0.0,0.0
triunfazo_millos,1358,0,0,0,0,88,88,0,0,0.0,0.0,0.0,0.0,0,0,0,0.0,left,0.0,0.0,0,0.0,,0.525341,0.461726,0.019364,0.064714,0.179236,0.0,0.0,0.0,0.0,0.0,0.0,0.0,0.0
triunfazo_millos,1359,1,0,0,0,88,88,0,0,0.0,0.0,0.0,0.0,0,0,0,0.0,left,0.0,0.0,0,0.0,,0.625534,0.721946,0.037838,0.088011,0.184119,0.0,0.0,0.0,0.0,0.0,0.0,0.0,0.0
triunfazo_millos,1360,0,0,0,0,88,88,0,10,0.113636,0.0,0.0,0.0,0,0,0,0.0,right,0.0,0.0,0,0.0,,0.74447,0.393746,0.014826,0.062233,0.179236,0.0,0.0,0.0,0.0,0.0,0.0,0.0,0.0
triunfazo_millos,1361,0,0,0,0,88,88,0,0,0.0,0.0,0.0,0.0,0,0,0,0.0,left,0.0,0.0,0,0.0,,0.24732,0.433225,0.019697,0.064817,0.179236,0.0,0.0,0.0,0.0,0.0,0.0,0.0,0.0
triunfazo_millos,1362,0,0,0,0,88,88,0,0,0.0,0.0,0.0,0.0,0,0,0,0.0,left,0.0,0.0,0,0.0,,0.263614,0.389281,0.01833,0.054819,0.179236,0.0,0.0,0.0,0.0,0.0,0.0,0.0,0.0
triunfazo_millos,1363,-2,0,0,0,37,37,24,0,0.648649,0.0,0.0,0.0,0,0,0,0.0,left,0.0,0.0,0,0.0,,0.137683,0.264545,0.010491,0.040132,0.0,0.0,0.0,0.0,0.0,0.0,0.0,0.0,0.0
triunfazo_millos,1370,-1,0,0,0,1,0,0,1,1.0,0.0,0.0,0.0,0,0,0,0.0,right,0.0,0.0,0,0.0,,0.997629,0.571503,0.0045,0.066738,0.0,0.0,0.0,0.0,0.0,0.0,0.0,0.0,0.0
triunfazo_millos,1374,-1,0,0,0,2,2,0,2,1.0,0.0,0.0,0.0,0,0,0,0.0,right,0.0,0.0,0,0.0,,0.906466,0.222891,0.008549,0.032908,0.0,0.0,0.0,0.0,0.0,0.0,0.0,0.0,0.0
triunfazo_millos,1375,-1,0,0,0,4,4,0,0,0.0,0.0,0.0,0.0,0,0,0,0.0,left,0.0,0.0,0,0.0,,0.593674,0.239583,0.010615,0.033826,0.0,0.0,0.0,0.0,0.0,0.0,0.0,0.0,0.0
triunfazo_millos,1379,-1,0,0,0,1,1,0,0,0.0,0.0,0.0,0.0,0,0,0,0.0,left,0.0,0.0,0,0.0,,0.172824,0.2584,0.009883,0.03696,0.0,0.0,0.0,0.0,0.0,0.0,0.0,0.0,0.0
triunfazo_millos,1381,-2,0,0,0,31,31,0,0,0.0,0.0,0.0,0.0,0,0,0,0.0,left,0.0,0.0,0,0.0,,0.24218,0.238462,0.010361,0.037183,0.0,0.0,0.0,0.0,0.0,0.0,0.0,0.0,0.0
triunfazo_millos,1383,-1,0,0,0,3,3,0,0,0.0,0.0,0.0,0.0,0,0,0,0.0,left,0.0,0.0,0,0.0,,0.237446,0.237848,0.010975,0.036744,0.0,0.0,0.0,0.0,0.0,0.0,0.0,0.0,0.0
triunfazo_millos,1386,0,0,0,0,14,14,14,0,1.0,0.0,0.0,0.0,0,0,0,0.0,left,0.0,0.0,0,0.0,,0.015807,0.440207,0.021389,0.069655,0.179236,0.0,0.0,0.0,0.0,0.0,0.0,0.0,0.0
triunfazo_millos,1388,-1,0,0,0,4,4,4,0,1.0,0.0,0.0,0.0,0,0,0,0.0,left,0.0,0.0,0,0.0,,0.025238,0.435395,0.021096,0.072212,0.0,0.0,0.0,0.0,0.0,0.0,0.0,0.0,0.0
